trade_id,代码,信号日,买入日,卖出日,is_zt,lu_250d,lu_60d,lu_20d,est_float_cap,price,avg_amount_20d_yi,max_consec_zt,is_250d_high,days_since_last_zt,pre_vol_slope,pre_price_slope,pre_vol_expansion,pre_price_compression,pre_sum_chg,pre_pos_days,pre_close_pos,mkt_7pct_count,mkt_zt_count,mkt_avg_7pct_gain,mkt_hot_sector_count,mkt_sh_above_ma60,sec_zt_count,sec_avg_gain,sec_has_zhongjun,sec_stock_count,sec_is_top1,sec_rank,sec_pos_days_3d,key,评分,信号涨幅%,突破幅度%,量比MAVOL180,持有天数,label_3d_return,label_return_gt_5pct,label_return_gt_0pct,label_is_zt,label_max_return,label_max_drawdown,label_day1_return
1,002640,20250512,20250513,20250515,1,9,5,1,3393.0,4.56,12.0,7,0,2,-7.51,0.34,0.79,0.96,0.21,4,0.56,149,97,10.69,0,1,1.0,2.08,0.0,13.0,0.0,7.0,2.0,002640_20250512,69,8.3%,1.2,2.0,2,0.10310000000000001,1,1,1,0.16417910447761183,-0.061833688699360345,0.07889125799573543
2,603286,20250512,20250513,20250519,1,15,4,3,947.7,37.04,3.2,2,0,0,7.41,2.88,1.19,1.65,18.48,5,0.58,149,97,10.69,0,1,1.0,2.08,0.0,13.0,0.0,7.0,2.0,603286_20250512,70,10.0%,6.7,1.2,4,-0.081,0,0,1,0.030982905982906084,-0.09188034188034183,-0.06490384615384615
3,002846,20250513,20250514,20250519,0,6,0,0,413.8,10.49,1.5,1,0,0,-10.5,0.38,0.5,0.4,4.63,4,0.82,89,69,10.87,0,1,1.0,2.08,0.0,13.0,0.0,7.0,2.0,002846_20250513,80,10.0%,4.9,2.9,3,-0.0074,0,0,0,0.0029097963142579396,-0.05043646944713883,-0.044616876818622773
4,600610,20250513,20250514,20250520,1,4,1,0,3946.3,13.06,13.3,4,0,0,-4.12,3.46,0.73,1.05,23.55,7,0.66,89,69,10.87,0,1,1.0,2.08,0.0,13.0,0.0,7.0,2.0,600610_20250513,75,10.0%,0.7,2.6,4,0.2273,1,1,1,0.28920118343195267,-0.03550295857988169,-0.017751479289940846
5,002961,20250514,20250515,20250520,0,8,1,0,380.6,16.57,1.4,2,0,0,4.21,0.28,1.0,1.01,0.5,4,0.55,118,86,10.98,0,1,1.0,2.08,0.0,13.0,0.0,7.0,2.0,002961_20250514,80,10.0%,6.0,2.4,3,-0.0332,0,0,0,-0.014863258026159334,-0.04934601664684899,-0.03686087990487521
6,600370,20250514,20250515,20250520,0,14,1,0,214.9,2.08,0.8,3,0,0,0.48,0.5,1.13,0.93,1.82,4,0.74,118,86,10.98,0,1,1.0,2.08,0.0,13.0,0.0,7.0,2.0,600370_20250514,70,10.1%,5.9,1.1,3,-0.0723,0,0,0,-0.0045871559633028575,-0.07798165137614696,-0.05045871559633042
7,600800,20250514,20250515,20250520,0,8,1,1,831.4,4.0,2.8,7,0,0,2.59,1.86,1.12,1.05,10.03,4,0.72,118,86,10.98,0,1,1.0,2.08,0.0,13.0,0.0,7.0,2.0,600800_20250514,90,9.9%,6.7,4.5,3,0.0452,0,1,0,0.07179487179487175,-0.1461538461538461,-0.0794871794871795
8,603332,20250514,20250515,20250521,1,3,0,0,240.9,14.36,0.7,4,1,0,0.77,3.74,1.14,6.59,35.62,7,1.0,118,86,10.98,0,1,1.0,2.08,0.0,13.0,0.0,7.0,2.0,603332_20250514,90,10.0%,6.2,4.9,4,0.2053,1,1,1,0.31868131868131866,-0.018315018315018316,0.07619047619047613
9,603839,20250515,20250516,20250521,0,9,1,1,182.5,6.79,0.6,2,0,0,-1.59,1.86,0.69,0.38,19.45,7,0.92,85,62,11.09,0,1,1.0,2.08,0.0,13.0,0.0,7.0,2.0,603839_20250515,70,10.1%,6.5,1.3,3,-0.0192,0,0,0,0.05999999999999999,-0.03714285714285711,0.0071428571428571175
10,002915,20250516,20250519,20250522,0,11,3,1,3550.4,22.37,12.9,3,0,0,2.09,0.53,1.0,0.62,6.75,5,0.39,125,85,10.24,0,1,1.0,2.08,0.0,13.0,0.0,7.0,2.0,002915_20250516,85,10.0%,8.5,2.6,3,-0.11869999999999999,0,0,0,0.05130434782608694,-0.13043478260869565,-0.06391304347826082
11,000677,20250519,20250520,20250523,0,7,2,2,1172.3,5.56,4.1,2,0,0,5.36,1.67,0.99,0.46,21.0,6,0.65,155,110,10.51,0,1,1.0,2.08,0.0,13.0,0.0,7.0,2.0,000677_20250519,75,10.1%,0.1,2.1,3,-0.0123,0,0,0,0.08056042031523643,-0.05429071803852883,-0.010507880910682945
12,002990,20250519,20250520,20250523,1,14,8,2,303.2,28.47,1.2,2,0,0,-8.35,-0.82,0.63,0.97,-8.08,4,0.12,155,110,10.51,0,1,1.0,2.08,0.0,13.0,0.0,7.0,2.0,002990_20250519,67,10.0%,10.1,1.2,3,0.0245,0,1,1,0.06448311156601845,-0.07130672125554419,-0.04981235073353795
13,600881,20250519,20250520,20250523,0,8,6,3,238.1,1.79,0.9,7,0,0,-0.3,0.17,1.01,0.53,4.58,4,0.67,155,110,10.51,0,1,1.0,2.08,0.0,13.0,0.0,7.0,2.0,600881_20250519,80,9.8%,9.1,1.6,3,-0.057300000000000004,0,0,0,0.14516129032258052,-0.05913978494623661,0.04838709677419347
14,603630,20250519,20250520,20250523,0,6,1,1,885.3,24.88,2.8,1,1,0,7.41,1.7,1.63,2.26,16.2,5,0.84,155,110,10.51,0,1,1.0,2.08,0.0,13.0,0.0,7.0,2.0,603630_20250519,75,10.0%,0.0,2.7,3,0.0565,1,1,0,0.19139123750960801,-0.01844734819369717,0.08608762490392013
15,000670,20250520,20250521,20250526,0,10,3,0,949.7,7.56,3.4,2,0,0,-9.8,-0.37,0.62,0.91,0.57,6,0.47,157,106,10.78,0,1,1.0,2.08,0.0,13.0,0.0,7.0,2.0,000670_20250520,57,10.0%,1.2,1.3,3,-0.0366,0,0,0,-0.0013227513227512947,-0.05952380952380943,-0.01719576719576718
16,002348,20250520,20250521,20250526,0,10,3,0,214.9,3.83,0.8,3,0,59,-4.02,0.44,0.58,0.53,5.08,5,0.74,157,106,10.78,0,1,1.0,2.08,0.0,13.0,0.0,7.0,2.0,002348_20250520,69,9.4%,8.8,1.2,3,-0.0305,0,0,0,-0.002702702702702765,-0.06756756756756756,-0.029729729729729815
17,603725,20250520,20250521,20250526,0,9,6,4,105.7,7.91,0.4,1,0,0,-4.41,-0.05,0.93,1.45,1.02,3,0.86,157,106,10.78,0,1,1.0,2.08,0.0,13.0,0.0,7.0,2.0,603725_20250520,85,10.0%,7.2,2.6,3,0.069,1,1,0,0.12439613526570063,-0.06642512077294674,0.036231884057971106
18,600234,20250521,20250522,20250527,0,16,6,0,58.5,7.74,0.2,1,1,0,6.25,-0.02,1.62,0.94,-0.4,4,0.21,92,72,10.94,0,1,1.0,2.08,0.0,13.0,0.0,7.0,2.0,600234_20250521,72,9.9%,7.9,1.6,3,-0.1223,0,0,0,-0.06874999999999998,-0.15749999999999997,-0.14249999999999996
19,600793,20250521,20250522,20250527,1,8,6,6,1378.4,30.49,4.3,7,1,0,-0.01,-0.2,0.99,1.08,8.59,5,1.0,92,72,10.94,0,1,1.0,2.08,0.0,13.0,0.0,7.0,2.0,600793_20250521,90,10.0%,8.6,3.2,3,0.2477,1,1,1,0.3827118644067796,0.1000000000000001,0.1450847457627119
20,601579,20250521,20250522,20250529,1,7,0,0,974.5,18.72,3.1,2,1,0,5.78,1.15,1.82,1.91,15.92,6,0.88,92,72,10.94,0,1,1.0,2.08,0.0,13.0,0.0,7.0,2.0,601579_20250521,85,10.0%,6.4,2.2,5,0.3975,1,1,1,0.41843220338983067,0.020127118644067934,0.027012711864406864
21,002365,20250522,20250523,20250529,1,2,2,2,2872.9,18.51,8.3,2,1,0,4.81,5.01,1.22,2.6,38.14,7,0.98,69,51,10.59,0,1,1.0,2.08,0.0,13.0,0.0,7.0,2.0,002365_20250522,85,10.0%,4.7,5.2,4,0.1482,1,1,1,0.27948051948051944,0.04727272727272728,0.12623376623376623
22,002519,20250522,20250523,20250528,0,14,0,0,588.6,5.08,2.2,1,0,0,-18.94,-0.63,0.41,0.29,-6.3,2,0.27,69,51,10.59,0,1,1.0,2.08,0.0,13.0,0.0,7.0,2.0,002519_20250522,67,10.0%,4.4,2.2,3,0.0242,0,1,0,0.03754940711462459,-0.039525691699604605,-0.017786561264822108
23,605033,20250522,20250523,20250529,1,9,0,0,249.6,19.15,0.9,10,0,0,5.47,0.36,1.38,2.81,1.42,5,0.48,69,51,10.59,0,1,1.0,2.08,0.0,13.0,0.0,7.0,2.0,605033_20250522,85,10.0%,8.1,2.9,4,0.0797,1,1,1,0.18984771573604073,-0.07817258883248727,-0.01675126903553291
24,603232,20250523,20250526,20250529,0,13,2,0,213.5,14.4,0.8,2,0,0,-6.74,-0.21,0.83,0.68,-1.17,4,0.04,90,63,10.69,0,1,1.0,2.08,0.0,13.0,0.0,7.0,2.0,603232_20250523,75,10.0%,2.0,2.3,3,0.023700000000000002,0,1,0,0.034818941504178275,-0.029944289693593296,0.016016713091922034
25,603716,20250523,20250526,20250529,0,15,1,1,754.5,11.95,2.8,4,0,0,-5.48,-0.23,0.89,1.33,-0.76,5,0.05,90,63,10.69,0,1,1.0,2.08,0.0,13.0,0.0,7.0,2.0,603716_20250523,67,10.0%,5.0,2.0,3,0.1158,1,1,0,0.14210526315789465,0.0035087719298244864,0.060526315789473636
26,000545,20250526,20250527,20250530,1,13,4,2,396.7,2.65,1.4,1,0,0,4.08,0.68,1.35,0.95,6.16,4,0.67,136,82,10.29,0,1,1.0,2.08,0.0,13.0,0.0,7.0,2.0,000545_20250526,80,10.0%,1.6,3.1,3,0.0116,0,1,1,0.04150943396226411,-0.08301886792452821,-0.052830188679245334
27,000777,20250526,20250527,20250530,0,9,4,1,670.9,19.9,2.4,1,0,0,8.75,0.27,1.31,1.52,2.53,4,0.55,136,82,10.29,0,1,1.0,2.08,0.0,13.0,0.0,7.0,2.0,000777_20250526,85,10.0%,9.2,2.2,3,-0.028399999999999998,0,0,0,0.09217737917289494,-0.036372695565520696,0.048829098156452436
28,002471,20250526,20250527,20250530,1,20,2,1,3217.7,5.18,10.3,4,1,0,-4.33,1.08,0.59,0.85,15.49,5,1.0,136,82,10.29,0,1,1.0,2.08,0.0,13.0,0.0,7.0,2.0,002471_20250526,80,10.0%,1.4,6.2,3,0.013300000000000001,0,1,1,0.13059701492537298,-0.009328358208955357,0.027985074626865572
29,002549,20250526,20250527,20250530,0,14,4,3,2524.1,10.26,9.3,5,0,0,0.57,0.2,1.21,0.94,5.75,4,0.3,136,82,10.29,0,1,1.0,2.08,0.0,13.0,0.0,7.0,2.0,002549_20250526,67,10.0%,0.9,2.8,3,-0.0555,0,0,0,0.07992565055762077,-0.07063197026022303,0.00836431226765798
30,603800,20250526,20250527,20250530,0,15,4,2,365.1,23.34,1.5,1,0,100,2.99,-1.9,1.0,0.52,-15.02,2,0.14,136,82,10.29,0,1,1.0,2.08,0.0,13.0,0.0,7.0,2.0,603800_20250526,66,7.5%,7.2,1.8,3,-0.0005,0,0,0,0.05363321799307952,-0.019463667820069173,0.03416955017301034
31,002427,20250527,20250528,20250605,1,6,2,2,3233.7,9.72,10.4,5,1,0,0.99,0.93,0.87,0.6,24.8,5,0.81,106,78,10.47,0,1,1.0,2.08,0.0,13.0,0.0,7.0,2.0,002427_20250527,67,9.9%,1.1,2.8,6,0.0034000000000000002,0,1,1,0.11408730158730163,-0.10714285714285715,0.039682539682539715
32,600192,20250527,20250528,20250604,0,12,3,1,191.8,8.09,0.7,3,1,0,3.78,0.21,1.35,2.12,6.71,3,1.0,106,78,10.47,0,1,1.0,2.08,0.0,13.0,0.0,7.0,2.0,600192_20250527,80,10.1%,3.3,3.1,5,-0.0147,0,0,0,0.2137500000000001,-0.015000000000000013,0.08250000000000002
33,605196,20250527,20250528,20250604,0,12,3,2,373.6,15.95,1.3,1,1,100,5.04,0.01,1.7,2.13,1.78,5,0.44,106,78,10.47,0,1,1.0,2.08,0.0,13.0,0.0,7.0,2.0,605196_20250527,59,8.8%,0.3,1.5,5,0.0452,0,1,0,0.07238949391415753,-0.0006406149903907616,0.0365150544522742
34,002177,20250528,20250529,20250605,1,11,0,0,646.5,5.24,2.4,2,0,0,10.63,0.32,1.42,2.95,0.76,4,0.28,89,66,10.34,0,1,1.0,2.08,0.0,13.0,0.0,7.0,2.0,002177_20250528,70,10.1%,2.2,1.8,5,0.48729999999999996,1,1,1,0.5514705882352939,0.16544117647058812,0.16544117647058812
35,600678,20250528,20250529,20250604,0,11,1,0,855.0,8.5,3.2,5,0,0,-5.1,-0.28,0.6,0.85,-1.74,4,0.25,89,66,10.34,0,1,1.0,2.08,0.0,13.0,0.0,7.0,2.0,600678_20250528,57,10.0%,4.3,1.3,4,-0.0431,0,0,0,0.05769230769230767,-0.06334841628959281,-0.013574660633484075
36,605303,20250528,20250529,20250604,0,21,4,0,142.1,11.02,0.5,4,0,0,-3.63,0.05,0.76,0.98,1.38,5,0.36,89,66,10.34,0,1,1.0,2.08,0.0,13.0,0.0,7.0,2.0,605303_20250528,70,10.0%,0.7,1.9,4,-0.032799999999999996,0,0,0,-0.019248395967002827,-0.05499541704857925,-0.045829514207149404
37,000037,20250529,20250530,20250604,0,9,4,1,260.5,9.46,0.9,1,0,0,-2.09,0.07,0.81,0.66,2.96,4,0.49,215,151,11.04,0,1,1.0,2.08,0.0,13.0,0.0,7.0,2.0,000037_20250529,70,10.0%,2.4,1.8,3,-0.0821,0,0,0,-0.05918367346938776,-0.08367346938775512,-0.06428571428571436
38,000545,20250529,20250530,20250604,0,13,4,2,509.8,2.76,1.8,1,0,0,8.86,1.18,1.81,1.38,8.09,4,0.61,215,151,11.04,0,1,1.0,2.08,0.0,13.0,0.0,7.0,2.0,000545_20250529,80,10.0%,5.7,2.8,3,0.0077,0,1,0,0.01492537313432837,-0.02611940298507473,-0.0037313432835821753
39,000981,20250529,20250530,20250604,0,20,0,0,2500.7,2.24,9.1,5,0,0,-11.11,-0.46,0.53,0.48,0.28,3,0.28,215,151,11.04,0,1,1.0,2.08,0.0,13.0,0.0,7.0,2.0,000981_20250529,57,9.8%,1.0,1.4,3,-0.0481,0,0,0,-0.03571428571428574,-0.06696428571428586,-0.049107142857142995
40,002657,20250529,20250530,20250605,1,7,3,0,1178.0,21.01,4.5,4,0,0,-3.27,-0.5,0.68,1.46,-3.26,3,0.08,215,151,11.04,0,1,1.0,2.08,0.0,13.0,0.0,7.0,2.0,002657_20250529,57,10.0%,0.8,1.1,4,0.2364,1,1,1,0.31398537477148086,0.03336380255941501,0.08592321755027435
41,600869,20250529,20250530,20250604,0,16,7,0,422.8,5.24,1.6,1,0,0,6.51,-0.47,1.48,1.1,-1.79,4,0.28,215,151,11.04,0,1,1.0,2.08,0.0,13.0,0.0,7.0,2.0,600869_20250529,67,10.1%,6.6,1.8,3,-0.0433,0,0,0,-0.007575757575757582,-0.06818181818181823,-0.03598484848484856
42,603686,20250529,20250530,20250604,0,13,0,0,1770.0,16.18,6.2,3,1,0,12.78,0.68,1.92,1.15,11.58,5,0.55,215,151,11.04,0,1,1.0,2.08,0.0,13.0,0.0,7.0,2.0,603686_20250529,80,10.0%,6.4,3.0,3,-0.0665,0,0,0,0.10129564193168426,-0.06654888103651359,0.03710247349823315
43,605366,20250529,20250530,20250604,0,14,6,4,138.6,6.46,0.5,2,0,0,4.07,-0.39,1.52,1.84,-4.26,2,0.3,215,151,11.04,0,1,1.0,2.08,0.0,13.0,0.0,7.0,2.0,605366_20250529,77,10.1%,5.1,4.6,3,-0.0512,0,0,0,-0.041538461538461476,-0.07384615384615391,-0.0646153846153846
44,002418,20250604,20250605,20250610,0,15,3,0,635.9,3.82,2.3,4,0,0,9.84,0.24,2.46,1.48,-0.2,3,0.51,137,92,10.23,0,1,1.0,2.08,0.0,13.0,0.0,7.0,2.0,002418_20250604,75,10.1%,7.5,1.3,3,-0.062,0,0,0,-0.007633587786259605,-0.07888040712468194,-0.045801526717557293
45,600259,20250604,20250605,20250610,0,10,2,0,2548.7,52.03,8.5,2,1,0,-6.87,-0.09,0.83,1.22,2.15,3,1.0,137,92,10.23,0,1,1.0,2.08,0.0,13.0,0.0,7.0,2.0,600259_20250604,80,10.0%,5.4,2.0,3,-0.042300000000000004,0,0,0,0.03142329020332709,-0.06099815157116459,-0.020147874306839248
46,603823,20250604,20250605,20250611,1,17,10,3,238.8,11.44,0.9,1,0,0,-1.94,-0.03,1.11,1.04,-0.7,6,0.35,137,92,10.23,0,1,1.0,2.08,0.0,13.0,0.0,7.0,2.0,603823_20250604,75,10.0%,6.1,1.9,4,0.0617,1,1,1,0.1789297658862875,-0.04180602006688963,-0.017558528428093717
47,002370,20250605,20250606,20250611,0,15,2,2,302.0,3.95,1.1,3,0,0,1.32,0.49,1.12,1.42,3.27,4,0.83,127,91,10.71,0,1,1.0,2.08,0.0,13.0,0.0,7.0,2.0,002370_20250605,85,10.0%,7.7,2.2,3,0.0336,0,1,0,0.06631299734747999,0.0,0.029177718832891213
48,002491,20250605,20250606,20250611,0,24,8,1,422.7,5.69,1.5,1,0,0,-0.31,0.18,0.96,0.92,1.3,4,0.82,127,91,10.71,0,1,1.0,2.08,0.0,13.0,0.0,7.0,2.0,002491_20250605,80,10.1%,4.9,2.6,3,-0.0154,0,0,0,0.06101694915254227,-0.03050847457627129,0.018644067796610073
49,600589,20250605,20250606,20250611,0,12,3,0,3095.6,7.69,12.3,5,0,0,-3.53,-0.93,0.92,0.94,-7.47,4,0.19,127,91,10.71,0,1,1.0,2.08,0.0,13.0,0.0,7.0,2.0,600589_20250605,62,10.0%,1.7,1.5,3,-0.0301,0,0,0,0.034263959390863005,-0.043147208121827395,0.013959390862944203
50,002716,20250606,20250609,20250612,0,18,0,0,563.6,3.89,2.1,1,0,0,4.54,0.23,1.86,1.87,1.53,4,0.54,96,62,10.07,0,1,1.0,2.08,0.0,13.0,0.0,7.0,2.0,002716_20250606,70,9.9%,2.6,1.6,3,0.0144,0,1,0,0.051020408163265356,-0.007653061224489746,0.005102040816326535
51,603045,20250606,20250609,20250612,0,15,10,1,281.7,18.54,1.0,2,0,0,-0.58,0.53,1.26,0.99,5.19,5,0.9,96,62,10.07,0,1,1.0,2.08,0.0,13.0,0.0,7.0,2.0,603045_20250606,70,10.0%,5.2,1.4,3,-0.0892,0,0,0,-0.028027498677948237,-0.09042834479111586,-0.03490216816499207
52,603083,20250606,20250609,20250612,0,22,6,1,3214.7,45.11,11.4,2,0,1,12.71,0.71,1.71,1.72,10.69,4,1.0,96,62,10.07,0,1,1.0,2.08,0.0,13.0,0.0,7.0,2.0,603083_20250606,79,7.8%,5.0,2.5,3,-0.0046,0,0,0,0.04878048780487795,-0.05321507760532147,-0.022172949002217293
53,605303,20250606,20250609,20250612,0,21,4,0,193.2,11.97,0.7,4,0,6,14.78,1.11,1.4,1.07,11.91,6,0.73,96,62,10.07,0,1,1.0,2.08,0.0,13.0,0.0,7.0,2.0,605303_20250606,79,7.6%,5.2,2.6,3,0.013300000000000001,0,1,0,0.05971404541631615,-0.004205214465937823,0.0109335576114381
54,002961,20250609,20250610,20250613,1,8,1,0,680.0,19.27,2.4,2,1,17,18.21,1.73,2.75,3.93,12.96,7,0.56,160,107,10.83,0,1,1.0,2.08,0.0,13.0,0.0,7.0,2.0,002961_20250609,79,9.0%,4.3,3.2,3,-0.0178,0,0,1,0.07362288135593224,-0.06461864406779655,-0.043432203389830525
55,603598,20250609,20250610,20250613,0,13,3,0,381.8,18.21,1.4,3,0,0,2.65,0.26,1.2,1.74,4.74,6,0.7,160,107,10.83,0,1,1.0,2.08,0.0,13.0,0.0,7.0,2.0,603598_20250609,65,10.0%,0.7,1.2,3,-0.0202,0,0,0,0.0650000000000001,-0.026111111111111047,0.04999999999999992
56,002348,20250612,20250613,20250617,1,10,3,0,416.0,4.3,1.5,3,0,0,3.81,0.61,1.46,2.27,6.78,5,0.65,121,90,11.16,1,1,1.0,2.08,0.0,13.0,0.0,7.0,2.0,002348_20250612,75,10.0%,3.4,2.4,2,0.0832,1,1,1,0.13012048192771083,-0.03373493975903628,0.026506024096385403
57,002961,20250612,20250613,20250618,0,8,1,0,777.8,19.87,2.7,2,1,0,11.47,1.68,1.59,0.82,12.4,6,0.62,121,90,11.16,1,1,1.0,2.08,0.0,13.0,0.0,7.0,2.0,002961_20250612,80,10.0%,6.0,2.3,3,-0.0864,0,0,0,-0.020226936359151463,-0.10162802170695603,-0.06462752836704483
58,600530,20250612,20250613,20250618,0,9,8,1,1875.0,10.67,5.8,4,1,0,2.65,1.81,1.31,1.36,15.61,5,0.8,121,90,11.16,1,1,1.0,3.31,0.0,3.0,0.0,7.0,2.0,600530_20250612,70,10.0%,4.7,1.5,3,-0.0904,0,0,0,-0.04018691588785044,-0.11962616822429901,-0.06542056074766349
59,002878,20250613,20250616,20250619,0,4,1,0,2473.7,24.93,7.5,3,1,0,2.58,2.1,1.14,0.95,29.34,5,1.0,99,75,11.49,0,1,1.0,2.08,0.0,13.0,0.0,7.0,2.0,002878_20250613,85,10.0%,4.4,3.5,3,-0.0799,0,0,0,0.08799999999999997,-0.1,0.0056000000000000225
60,601069,20250613,20250616,20250619,0,14,1,1,1771.1,21.43,6.2,2,1,0,0.68,0.63,0.97,0.59,9.9,5,0.81,99,75,11.49,0,1,1.0,4.87,1.0,7.0,0.0,4.0,1.0,601069_20250613,80,10.0%,8.9,1.9,3,0.046900000000000004,0,1,0,0.06812879141390578,0.0,0.01353243117125521
61,603928,20250613,20250616,20250626,1,9,6,6,230.7,11.85,0.8,6,0,0,7.26,0.69,0.82,1.6,4.22,5,0.47,99,75,11.49,0,1,1.0,-1.11,0.0,21.0,0.0,9.0,2.0,603928_20250613,85,10.0%,8.0,2.6,8,0.46340000000000003,1,1,1,0.7291487532244194,-0.05073086844368027,-0.011177987962166876
62,001296,20250616,20250617,20250620,0,10,2,0,153.9,20.32,0.6,1,0,0,10.55,0.62,1.15,0.65,5.91,6,0.74,141,86,10.64,0,1,2.0,6.99,0.0,3.0,0.0,2.0,1.0,001296_20250616,80,10.0%,5.6,2.7,3,0.0079,0,1,0,0.0685884691848906,-0.08001988071570573,-0.04870775347912527
63,002348,20250616,20250617,20250620,0,10,3,0,568.5,4.26,2.1,3,0,0,25.73,1.3,4.79,3.0,8.68,6,0.42,141,86,10.64,0,1,1.0,2.08,0.0,13.0,0.0,7.0,2.0,002348_20250616,75,10.1%,1.2,2.6,3,-0.08779999999999999,0,0,0,0.023419203747072726,-0.09367681498829028,-0.021077283372365307
64,603052,20250616,20250617,20250620,0,22,4,0,104.2,38.64,0.4,2,0,100,6.14,-0.05,1.12,2.25,-1.1,4,0.22,141,86,10.64,0,1,1.0,2.08,0.0,13.0,0.0,7.0,2.0,603052_20250616,64,7.2%,2.0,1.5,3,-0.0676,0,0,0,-0.015267175572518941,-0.08117048346055974,-0.029770992366412077
65,002800,20250617,20250618,20250624,1,8,1,1,379.8,14.47,1.4,3,0,0,-0.76,0.1,0.77,0.55,1.64,4,0.34,85,63,10.97,0,1,1.0,2.08,0.0,13.0,0.0,7.0,2.0,002800_20250617,75,10.0%,0.1,2.2,4,-0.005600000000000001,0,0,1,0.10676901605024419,-0.11933007676203775,-0.08513607815771114
66,600113,20250617,20250618,20250625,1,16,5,4,141.7,15.85,0.5,1,1,0,6.72,0.08,1.63,1.74,1.97,4,1.0,85,63,10.97,0,1,1.0,1.28,0.0,8.0,0.0,2.0,1.0,600113_20250617,85,10.0%,7.5,2.2,5,0.608,1,1,1,0.7184713375796179,0.12866242038216558,0.19808917197452228
67,600227,20250617,20250618,20250623,0,16,4,3,264.9,2.83,0.9,2,0,0,17.05,0.95,2.52,1.24,10.82,8,0.86,85,63,10.97,0,1,1.0,2.08,0.0,13.0,0.0,7.0,2.0,600227_20250617,80,10.1%,4.8,2.2,3,-0.048600000000000004,0,0,0,0.10069444444444446,-0.10069444444444446,0.020833333333333353
68,002213,20250618,20250619,20250624,1,15,1,0,854.5,18.12,3.0,3,0,0,3.94,0.59,1.02,0.62,15.85,5,0.84,93,64,11.23,0,1,1.0,2.08,0.0,13.0,0.0,7.0,2.0,002213_20250618,75,10.0%,2.7,2.0,3,0.0564,1,1,1,0.13179571663920914,-0.10159253157605719,-0.044481054365733234
69,002916,20250618,20250619,20250624,0,14,3,1,2351.2,103.6,8.7,2,0,100,-0.32,0.93,1.0,0.82,9.59,4,0.72,93,64,11.23,0,1,1.0,3.67,1.0,22.0,0.0,3.0,1.0,002916_20250618,74,7.0%,7.8,1.8,3,-0.06559999999999999,0,0,0,-0.01232546942705827,-0.07048627828598934,-0.04448724121328831
70,002240,20250619,20250620,20250625,0,15,4,1,487.8,12.34,1.8,1,0,0,10.49,-0.46,1.45,1.7,-3.74,3,0.06,62,47,10.85,0,1,1.0,2.4,0.0,4.0,0.0,8.0,1.0,002240_20250619,72,10.0%,1.7,3.6,3,0.038599999999999995,0,1,0,0.07038834951456319,-0.015372168284789604,0.0040453074433657536
71,002805,20250619,20250620,20250625,0,16,8,1,193.2,13.05,0.7,1,0,0,-0.97,-0.04,0.78,0.65,1.01,6,0.22,62,47,10.85,0,1,1.0,0.25,0.0,11.0,0.0,6.0,2.0,002805_20250619,57,10.0%,1.9,1.4,3,0.1629,1,1,0,0.2004643962848297,-0.0007739938080495191,0.09133126934984517
72,601606,20250619,20250620,20250624,1,17,0,0,1451.8,16.69,4.9,2,1,0,3.36,0.53,1.57,1.5,7.52,5,1.0,62,47,10.85,0,1,1.0,2.08,0.0,13.0,0.0,7.0,2.0,601606_20250619,85,10.0%,5.0,4.3,2,0.2107,1,1,1,0.2992220227408737,0.08797127468581681,0.20885697187312977
73,603533,20250619,20250620,20250625,0,10,3,0,728.9,22.06,2.7,1,0,0,2.3,0.16,0.88,1.23,1.07,5,0.32,62,47,10.85,0,1,1.0,1.78,0.0,3.0,0.0,9.0,1.0,603533_20250619,75,10.0%,4.4,2.1,3,-0.07,0,0,0,-0.05434782608695652,-0.1039130434782609,-0.06652173913043483
74,605580,20250619,20250620,20250625,0,11,6,1,96.6,12.29,0.4,1,0,0,-1.26,-0.07,1.05,1.05,0.24,4,0.41,62,47,10.85,0,1,1.0,-0.89,0.0,13.0,0.0,2.0,2.0,605580_20250619,70,10.0%,4.7,1.2,3,0.0124,0,1,0,0.03253968253968255,-0.05317460317460317,0.019047619047619067
75,601908,20250620,20250623,20250626,0,10,0,0,845.3,3.3,3.3,3,0,0,-8.08,-0.45,0.48,0.94,-1.47,3,0.0,79,63,11.38,1,1,1.0,2.08,0.0,13.0,0.0,7.0,2.0,601908_20250620,67,10.0%,8.1,1.9,3,0.0277,0,1,0,0.07165109034267912,0.018691588785046745,0.03738317757009349
76,603616,20250620,20250623,20250626,0,20,4,0,124.4,4.46,0.5,2,0,0,-4.51,-0.41,0.84,1.04,-4.46,2,0.07,79,63,11.38,1,1,1.0,2.08,0.0,13.0,0.0,7.0,2.0,603616_20250620,65,10.1%,0.8,1.1,3,0.0212,0,1,0,0.11434977578475332,-0.042600896860986635,0.020179372197309385
77,002040,20250623,20250624,20250627,0,8,1,0,1805.5,11.7,6.9,5,0,0,-3.93,-0.63,0.69,0.82,2.78,5,0.24,157,107,10.62,1,1,1.0,2.08,0.0,13.0,0.0,7.0,2.0,002040_20250623,62,10.0%,1.2,1.9,3,-0.0733,0,0,0,0.014146772767462434,-0.08664898320070737,-0.04597701149425299
78,002213,20250623,20250624,20250627,0,15,1,0,1268.5,19.14,4.4,3,0,0,11.2,1.61,2.26,2.38,9.1,5,0.52,157,107,10.62,1,1,1.0,2.08,0.0,13.0,0.0,7.0,2.0,002213_20250623,80,10.0%,6.7,1.9,3,-0.0571,0,0,0,0.034395548811330286,-0.08952959028831561,-0.018715225088518007
79,002824,20250623,20250624,20250627,0,10,5,0,161.5,16.28,0.6,1,0,0,-6.04,-0.47,0.84,0.8,-4.51,2,0.01,157,107,10.62,1,1,1.0,2.08,0.0,13.0,0.0,7.0,2.0,002824_20250623,62,10.0%,6.0,1.4,3,0.0336,0,1,0,0.05260011954572618,-0.008368200836820118,0.0011954572624028436
80,000892,20250624,20250625,20250627,1,23,6,5,509.3,4.63,1.8,4,0,0,5.99,0.34,1.66,0.92,9.07,5,0.94,175,109,10.44,3,1,1.0,6.1,0.0,2.0,0.0,14.0,2.0,000892_20250624,80,10.0%,5.0,2.5,2,0.0394,0,1,1,0.11158798283261794,-0.12017167381974259,0.030042918454935553
81,002281,20250624,20250625,20250630,0,13,6,1,2434.8,47.19,9.1,2,0,0,-1.86,-0.06,0.83,1.16,-1.13,3,0.17,175,109,10.44,3,1,1.0,3.35,1.0,21.0,0.0,8.0,1.0,002281_20250624,65,10.0%,3.5,1.3,3,0.0229,0,1,0,0.04245577523413124,-0.014568158168574314,0.008324661810614063
82,002846,20250624,20250625,20250630,0,6,0,0,1784.6,16.4,5.6,3,1,0,0.37,0.74,1.35,1.4,10.34,5,1.0,175,109,10.44,3,1,1.0,2.08,0.0,13.0,0.0,7.0,2.0,002846_20250624,85,10.0%,7.8,2.9,3,0.1631,1,1,0,0.21040327293980138,-0.013442431326709551,0.10052600818234944
83,603929,20250625,20250626,20250701,0,26,5,2,257.8,33.22,0.9,1,0,0,-5.38,0.54,0.96,0.95,10.9,6,0.76,147,100,11.56,0,1,2.0,2.7,0.0,9.0,0.0,1.0,3.0,603929_20250625,80,10.0%,9.5,1.9,3,0.0487,0,1,0,0.06919575113808782,-0.004248861911987877,0.005159332321699381
84,000892,20250626,20250627,20250702,0,23,6,5,704.6,4.8,2.4,4,0,0,15.74,1.39,2.42,2.23,9.62,4,0.67,100,81,11.38,0,1,1.0,4.85,0.0,2.0,0.0,8.0,2.0,000892_20250626,85,10.1%,7.5,2.4,3,-0.06570000000000001,0,0,0,0.11373390557939919,-0.06866952789699576,0.03862660944206003
85,002167,20250626,20250627,20250702,0,11,7,4,1826.3,11.5,6.3,2,1,0,1.77,0.29,1.35,1.19,7.92,4,0.86,100,81,11.38,0,1,1.0,0.65,0.0,9.0,0.0,4.0,3.0,002167_20250626,70,10.1%,4.4,1.1,3,-0.07919999999999999,0,0,0,-0.041702127659574484,-0.09531914893617015,-0.05276595744680845
86,603316,20250626,20250627,20250704,1,17,6,0,166.6,7.43,0.6,3,1,0,12.99,-0.22,1.92,2.66,-1.95,5,0.37,100,81,11.38,0,1,1.0,2.08,0.0,13.0,0.0,7.0,2.0,603316_20250626,75,10.1%,1.6,2.4,5,0.5458,1,1,1,0.756,0.19866666666666669,0.19866666666666669
87,002484,20250627,20250630,20250703,0,15,11,2,1123.9,20.66,4.2,1,0,100,-0.42,0.1,1.0,1.21,1.01,4,0.65,114,84,16.97,0,1,1.0,2.09,1.0,21.0,0.0,6.0,3.0,002484_20250627,69,8.6%,4.9,1.7,3,0.0042,0,1,0,0.009680542110358145,-0.03823814133591477,-0.002904162633107392
88,002882,20250627,20250630,20250703,0,3,1,0,5110.6,37.4,15.6,2,1,0,9.32,3.8,1.68,2.5,28.71,8,0.74,114,84,16.97,0,1,1.0,2.08,0.0,13.0,0.0,7.0,2.0,002882_20250627,80,10.0%,5.5,3.0,3,-0.0268,0,0,0,0.05828877005347593,-0.12085561497326193,-0.03796791443850272
89,600152,20250630,20250701,20250704,0,13,5,1,399.9,7.61,1.4,2,1,0,28.5,1.34,4.5,3.77,15.35,6,1.0,172,109,10.59,0,1,2.0,2.36,0.0,11.0,0.0,4.0,2.0,600152_20250630,90,10.0%,7.8,5.3,3,-0.1324,0,0,0,0.08684210526315791,-0.13026315789473675,-0.02631578947368412
90,603228,20250630,20250701,20250704,0,9,2,0,2800.1,41.84,9.2,2,1,0,12.71,1.39,2.4,2.52,17.29,5,0.94,172,109,10.59,0,1,1.0,2.08,0.0,13.0,0.0,7.0,2.0,603228_20250630,85,10.0%,8.1,2.7,3,0.11109999999999999,1,1,0,0.13663555874611152,-0.03900454654223505,-0.01651112706389083
91,002173,20250701,20250702,20250707,0,14,2,1,3279.7,15.68,10.7,2,1,0,-1.22,0.79,0.78,0.71,13.2,4,0.96,116,83,10.97,1,1,1.0,2.08,0.0,13.0,0.0,7.0,2.0,002173_20250701,65,10.0%,3.3,1.2,3,-0.0379,0,0,0,0.07256524506683644,-0.05283259070655633,-0.02482495225970723
92,600619,20250701,20250702,20250707,0,12,0,0,747.7,12.55,2.7,5,0,0,13.19,0.61,1.82,1.77,6.5,6,0.76,116,83,10.97,1,1,1.0,2.08,0.0,13.0,0.0,7.0,2.0,600619_20250701,75,10.0%,6.8,1.7,3,-0.052000000000000005,0,0,0,0.0023828435266083684,-0.058776806989674364,-0.026211278792692617
93,603726,20250701,20250702,20250707,0,10,7,3,202.9,17.81,0.7,1,0,0,27.95,0.77,8.29,2.15,4.05,5,0.45,116,83,10.97,1,1,1.0,1.0,0.0,10.0,0.0,9.0,2.0,603726_20250701,80,10.0%,7.6,1.7,3,-0.049,0,0,0,-0.02582818641212787,-0.07467714766984831,-0.03537338573834919
94,002549,20250702,20250703,20250708,0,14,4,3,2028.3,12.46,6.6,5,1,0,-1.92,1.65,0.73,2.26,18.84,5,1.0,99,77,10.85,1,1,1.0,0.11,1.0,39.0,0.0,11.0,3.0,002549_20250702,85,10.0%,6.0,3.3,3,-0.07429999999999999,0,0,0,0.05428796223446101,-0.0983477576711251,-0.061369000786782146
95,603716,20250702,20250703,20250707,1,15,1,1,1686.1,17.42,5.3,4,1,0,1.82,2.15,1.25,1.1,20.13,7,1.0,99,77,10.85,1,1,1.0,2.08,0.0,13.0,0.0,7.0,2.0,603716_20250702,65,10.0%,1.0,1.4,2,0.24960000000000002,1,1,1,0.2897664071190212,0.17241379310344815,0.17241379310344815
96,001267,20250703,20250704,20250709,0,22,3,0,519.3,10.89,1.8,2,1,0,4.93,0.98,1.25,1.73,7.91,5,0.78,120,84,10.36,1,1,1.0,2.08,0.0,13.0,0.0,7.0,2.0,001267_20250703,85,10.0%,8.4,2.0,3,0.0771,1,1,0,0.1007326007326007,-0.021978021978021997,-0.012820512820512872
97,002384,20250703,20250704,20250709,0,16,6,2,9862.0,43.3,33.0,1,1,2,3.97,1.08,1.36,2.44,7.21,6,0.69,120,84,10.36,1,1,2.0,4.29,1.0,22.0,0.0,3.0,2.0,002384_20250703,59,9.3%,1.4,1.4,3,0.032400000000000005,0,1,0,0.053336308859629554,-0.10354831510823477,-0.09707654541397012
98,603130,20250703,20250704,20250709,0,11,2,2,391.0,32.2,1.4,2,1,0,12.55,1.65,1.64,1.18,12.08,5,0.69,120,84,10.36,1,1,1.0,1.55,0.0,8.0,0.0,9.0,0.0,603130_20250703,65,10.0%,1.2,1.2,3,0.030699999999999998,0,1,0,0.1369565217391303,0.006832298136645927,0.04627329192546568
99,603256,20250703,20250704,20250710,1,34,9,0,1145.5,17.62,3.5,2,1,0,-2.06,2.59,0.88,1.95,26.48,5,0.69,120,84,10.36,1,1,1.0,2.08,0.0,13.0,0.0,7.0,2.0,603256_20250703,80,10.0%,5.3,2.1,4,0.1873,1,1,1,0.32486486486486493,-0.007567567567567599,0.0945945945945946
100,600475,20250704,20250707,20250711,1,18,1,0,436.5,12.57,1.5,2,1,0,4.39,0.1,1.36,2.07,6.26,3,1.0,78,59,11.73,0,1,1.0,2.08,0.0,13.0,0.0,7.0,2.0,600475_20250704,80,10.0%,2.0,6.8,4,0.2703,1,1,1,0.5038461538461539,0.024615384615384636,0.17000000000000007
101,001896,20250707,20250708,20250715,1,21,6,1,545.6,5.39,1.9,1,1,0,8.03,1.34,1.52,1.69,12.26,8,0.78,123,86,10.42,1,1,1.0,2.08,0.0,13.0,0.0,7.0,2.0,001896_20250707,80,10.0%,5.5,2.8,5,0.1157,1,1,1,0.28113879003558717,-0.024911032028469695,0.012455516014234926
102,002052,20250707,20250708,20250711,0,11,2,1,865.1,12.42,2.9,1,1,0,5.5,2.69,1.15,1.84,24.94,5,0.84,123,86,10.42,1,1,3.0,4.27,1.0,9.0,1.0,1.0,2.0,002052_20250707,80,10.0%,5.5,2.9,3,-0.06,0,0,0,0.061290322580645144,-0.07903225806451616,0.02338709677419348
103,002735,20250707,20250708,20250711,0,9,3,0,2597.1,15.84,10.3,3,0,0,7.51,0.38,1.36,2.2,0.04,5,0.19,123,86,10.42,1,1,1.0,2.08,0.0,13.0,0.0,7.0,2.0,002735_20250707,70,10.0%,3.7,1.6,3,0.06280000000000001,1,1,0,0.08755472170106318,-0.018761726078799293,0.03564727954971848
104,600513,20250707,20250708,20250715,1,15,2,2,492.7,11.89,1.7,2,0,0,7.39,1.1,1.59,0.88,15.93,7,0.87,123,86,10.42,1,1,1.0,2.08,0.0,13.0,0.0,7.0,2.0,600513_20250707,80,10.0%,6.8,1.8,5,0.2002,1,1,1,0.33766233766233766,-0.004058441558441616,0.004870129870129911
105,001389,20250708,20250709,20250714,0,15,4,2,1970.0,65.19,7.1,2,0,0,4.69,0.87,1.32,1.47,7.62,6,0.54,127,84,10.02,2,1,3.0,4.37,1.0,22.0,1.0,1.0,1.0,001389_20250708,85,10.0%,5.3,3.2,3,-0.06309999999999999,0,0,0,0.00960096009600961,-0.0831083108310831,-0.041254125412541254
106,002640,20250709,20250710,20250715,0,9,5,1,3259.9,5.45,11.7,7,0,0,-2.47,0.12,0.93,0.87,1.36,4,0.57,89,68,11.07,0,1,1.0,2.08,0.0,13.0,0.0,7.0,2.0,002640_20250709,80,10.1%,8.0,1.5,3,-0.0405,0,0,0,0.13028169014084512,-0.047535211267605564,0.06161971830985925
107,603127,20250709,20250710,20250715,0,12,4,2,2205.2,26.52,7.1,3,1,7,7.39,2.63,1.33,0.9,25.05,6,0.94,89,68,11.07,0,1,1.0,2.08,0.0,13.0,0.0,7.0,2.0,603127_20250709,79,7.2%,3.1,2.5,3,-0.024300000000000002,0,0,0,0.04073789392774784,-0.05995388162951571,0.0
108,002506,20250710,20250711,20250716,0,15,1,0,1709.9,2.86,6.1,2,0,0,-2.64,0.26,0.81,0.62,4.35,5,0.38,100,77,10.68,0,1,1.0,2.08,0.0,13.0,0.0,7.0,2.0,002506_20250710,80,10.0%,0.7,3.0,3,-0.0825,0,0,0,0.01718213058419238,-0.0859106529209622,-0.0034364261168385673
109,002674,20250710,20250711,20250716,0,19,10,7,146.2,10.85,0.5,1,1,0,-11.87,0.02,0.41,0.33,0.45,6,0.14,100,77,10.68,0,1,2.0,2.34,0.0,8.0,0.0,2.0,2.0,002674_20250710,80,10.0%,0.7,6.4,3,-0.0070999999999999995,0,0,0,0.060909090909090906,-0.0863636363636363,-0.05818181818181823
110,603093,20250711,20250714,20250717,1,9,3,0,3381.0,27.79,10.3,3,1,0,-3.64,0.78,0.98,1.16,9.82,4,1.0,120,86,11.02,0,1,1.0,2.08,0.0,13.0,0.0,7.0,2.0,603093_20250711,85,10.0%,8.0,3.0,3,-0.013000000000000001,0,0,1,0.050915750915750936,-0.14652014652014653,-0.1315018315018315
111,002192,20250714,20250715,20250718,0,12,4,1,665.9,34.63,2.4,2,0,0,-1.68,0.31,0.79,0.61,2.86,4,0.54,127,91,10.32,0,1,2.0,5.78,0.0,4.0,0.0,3.0,2.0,002192_20250714,70,10.0%,2.1,1.8,3,0.041100000000000005,0,1,0,0.06892453951277482,-0.037136066547831255,-0.02822341057635163
112,002896,20250714,20250715,20250718,0,11,5,1,1824.0,67.58,6.8,3,0,0,19.93,0.33,3.96,2.14,6.69,3,1.0,127,91,10.32,0,1,2.0,1.98,1.0,46.0,0.0,1.0,2.0,002896_20250714,70,10.0%,4.7,1.7,3,0.1429,1,1,0,0.16357142857142862,-0.06400000000000006,0.012857142857142938
113,600793,20250714,20250715,20250718,0,8,6,6,1107.5,30.28,4.1,7,0,0,0.43,0.96,0.71,0.97,7.97,4,0.35,127,91,10.32,0,1,1.0,3.14,0.0,7.0,0.0,11.0,0.0,600793_20250714,65,10.0%,0.6,1.3,3,-0.046,0,0,0,-0.009370816599732181,-0.06626506024096387,-0.05087014725568941
114,002674,20250715,20250716,20250721,0,19,10,7,265.2,11.23,1.0,1,1,3,24.91,0.71,7.75,3.7,4.81,5,0.42,100,63,10.1,0,1,0.0,-0.05,0.0,8.0,0.0,52.0,2.0,002674_20250715,79,8.4%,4.1,6.0,3,-0.057300000000000004,0,0,0,-0.029126213592233014,-0.06796116504854365,-0.04324801412180055
115,600183,20250715,20250716,20250721,0,12,7,1,3206.3,35.7,11.2,1,1,100,1.59,1.45,1.03,1.2,8.28,6,0.75,100,63,10.1,0,1,1.0,2.08,0.0,13.0,0.0,7.0,2.0,600183_20250715,74,8.5%,7.1,1.6,3,0.0727,1,1,0,0.09246287475483342,-0.030260577192490846,0.04959372373213795
116,002645,20250716,20250717,20250722,1,21,7,0,1137.4,13.92,3.5,4,1,0,19.03,3.46,3.14,6.09,33.97,6,1.0,102,74,10.58,2,1,1.0,2.08,0.0,13.0,0.0,7.0,2.0,002645_20250716,85,10.0%,4.4,6.0,3,0.0703,1,1,1,0.15120525931336745,-0.05405405405405407,0.0467494521548576
117,603950,20250716,20250717,20250722,0,21,6,2,293.5,25.81,1.1,1,0,0,5.89,-0.47,1.75,0.82,-2.67,4,0.2,102,74,10.58,2,1,6.0,2.8,0.0,47.0,1.0,1.0,1.0,603950_20250716,62,10.0%,5.5,1.4,3,-0.056600000000000004,0,0,0,-0.0007692307692307529,-0.05884615384615389,-0.028846153846153848
118,001359,20250717,20250718,20250722,1,12,5,1,760.8,42.24,2.6,1,1,0,-2.46,0.49,0.68,0.44,14.98,4,0.7,143,94,10.36,1,1,1.0,1.41,0.0,21.0,0.0,7.0,2.0,001359_20250717,62,10.0%,0.8,1.9,2,0.16620000000000001,1,1,1,0.2321100917431192,0.028440366972477107,0.12018348623853216
119,601869,20250717,20250718,20250723,0,30,4,1,849.1,43.34,3.1,2,0,0,5.01,0.25,1.35,1.01,0.24,4,0.58,143,94,10.36,1,1,2.0,2.65,0.0,21.0,0.0,3.0,2.0,601869_20250717,65,10.0%,2.0,1.5,3,-0.0512,0,0,0,0.005990783410138203,-0.06866359447004601,-0.033179723502304095
120,603083,20250717,20250718,20250723,0,22,6,1,4629.7,52.58,16.7,2,0,0,4.92,0.98,1.47,0.83,4.87,5,0.58,143,94,10.36,1,1,2.0,2.65,0.0,21.0,0.0,3.0,2.0,603083_20250717,65,10.0%,0.7,1.2,3,-0.0758,0,0,0,-0.0015214910612399827,-0.10232027386839095,-0.05439330543933053
121,002645,20250718,20250721,20250724,0,21,7,0,1531.9,14.33,5.0,4,1,0,25.55,5.29,3.51,6.3,39.36,7,0.82,100,68,10.68,0,1,1.0,2.08,0.0,13.0,0.0,7.0,2.0,002645_20250718,85,10.0%,5.6,4.5,3,0.036000000000000004,0,1,0,0.05685618729097,-0.0909698996655518,-0.016722408026755852
122,002851,20250718,20250721,20250724,0,13,7,1,4062.4,58.38,14.2,4,0,0,-4.91,0.64,1.23,1.3,6.35,6,0.76,100,68,10.68,0,1,1.0,0.14,1.0,9.0,0.0,9.0,2.0,002851_20250718,70,10.0%,5.2,1.1,3,-0.085,0,0,0,-0.04724277067921983,-0.09112306657700059,-0.07632817753866845
123,600343,20250718,20250721,20250724,0,14,3,2,766.3,13.81,2.8,2,0,0,-8.38,-0.24,0.72,0.73,-1.89,3,0.28,100,68,10.68,0,1,1.0,0.1,1.0,46.0,0.0,7.0,2.0,600343_20250718,75,10.0%,0.2,2.6,3,-0.0194,0,0,0,0.018102824040550324,-0.029688631426502545,-0.008689355539464228
124,600619,20250718,20250721,20250724,1,12,0,0,1712.6,13.73,6.1,5,0,0,-1.98,0.37,0.97,1.32,3.02,5,0.78,100,68,10.68,0,1,1.0,2.08,0.0,13.0,0.0,7.0,2.0,600619_20250718,70,10.0%,1.7,1.6,3,0.145,1,1,1,0.2352941176470589,-0.003676470588235216,0.02426470588235295
125,002370,20250721,20250722,20250725,0,15,2,2,948.5,5.43,3.1,3,1,0,26.27,2.23,4.32,7.25,21.89,7,0.72,220,164,10.99,1,1,2.0,1.63,0.0,32.0,0.0,2.0,3.0,002370_20250721,90,9.9%,8.7,3.9,3,0.020099999999999996,0,1,0,0.05636363636363629,-0.08727272727272735,-0.014545454545454558
126,603280,20250721,20250722,20250725,1,15,0,0,363.8,28.72,1.3,2,0,0,-9.17,-0.1,0.61,0.8,0.06,5,0.68,220,164,10.99,1,1,1.0,2.08,0.0,13.0,0.0,7.0,2.0,603280_20250721,75,10.0%,2.0,2.9,3,0.2422,1,1,1,0.39793882978723405,0.10804521276595745,0.15525265957446815
127,601991,20250722,20250723,20250728,0,11,9,1,1762.1,3.89,6.3,1,1,0,11.91,-0.38,1.99,1.86,1.76,4,0.72,192,139,11.13,0,1,1.0,0.89,1.0,13.0,0.0,7.0,1.0,601991_20250722,80,9.9%,3.8,5.0,3,-0.1604,0,0,0,-0.08823529411764702,-0.16176470588235298,-0.10784313725490195
128,002629,20250723,20250724,20250729,0,13,3,0,809.5,7.75,2.7,2,1,0,-4.18,1.78,1.23,0.92,17.23,7,0.96,94,68,10.85,0,1,1.0,2.08,0.0,13.0,0.0,7.0,2.0,002629_20250723,85,9.9%,8.8,2.0,3,0.08839999999999999,1,1,0,0.10519307589880172,0.021304926764314266,0.0878828229027963
129,002008,20250724,20250725,20250730,0,11,6,1,1334.8,26.87,4.9,2,0,100,3.59,0.31,1.15,1.54,1.69,5,0.74,160,91,10.1,1,1,1.0,2.08,0.0,13.0,0.0,7.0,2.0,002008_20250724,79,7.9%,4.5,2.0,3,-0.0031,0,0,0,0.06792452830188682,-0.0064150943396227055,0.059622641509433895
130,002240,20250724,20250725,20250730,0,15,4,1,1493.7,15.9,5.2,1,0,0,8.16,1.26,1.71,1.7,8.9,5,0.73,160,91,10.1,1,1,2.0,9.02,0.0,4.0,0.0,3.0,1.0,002240_20250724,80,10.0%,1.1,3.7,3,0.0121,0,1,0,0.04234122042341219,-0.0099626400996263,0.00622665006226659
131,600259,20250724,20250725,20250730,0,10,2,0,3278.8,63.39,11.5,2,1,0,-4.02,0.49,1.01,0.89,4.92,6,0.66,160,91,10.1,1,1,1.0,2.08,0.0,13.0,0.0,7.0,2.0,600259_20250724,80,10.0%,5.5,2.6,3,-0.027000000000000003,0,0,0,0.07964043526257684,-0.039899069547389907,0.047153445828733785
132,002975,20250725,20250728,20250731,0,23,8,2,313.6,38.18,1.1,2,0,0,-5.38,0.21,0.66,0.5,3.44,5,0.59,120,70,10.5,0,1,1.0,1.15,0.0,15.0,0.0,7.0,1.0,002975_20250725,75,10.0%,4.9,1.9,3,0.0416,0,1,0,0.1582278481012658,0.027162447257383995,0.04351265822784806
133,603226,20250725,20250728,20250731,0,5,2,1,284.4,17.04,0.9,5,1,0,4.36,2.01,1.31,3.24,20.63,7,1.0,120,70,10.5,0,1,2.0,2.21,0.0,13.0,0.0,2.0,1.0,603226_20250725,75,10.0%,7.0,1.1,3,0.0664,1,1,0,0.1311380704794916,0.0069324090121317735,0.03581744656268059
134,002281,20250728,20250729,20250801,0,13,6,1,4723.1,52.58,17.4,2,0,0,-6.6,-0.06,0.55,0.69,2.58,4,0.35,133,87,10.57,1,1,1.0,1.44,1.0,21.0,0.0,5.0,1.0,002281_20250728,75,10.0%,3.7,2.6,3,-0.029500000000000002,0,0,0,0.03941747572815536,-0.03495145631067956,0.0038834951456311233
135,002796,20250728,20250729,20250801,0,21,2,0,175.0,12.67,0.6,2,0,0,-1.37,-0.18,0.98,0.94,-1.82,5,0.48,133,87,10.57,1,1,1.0,2.08,0.0,13.0,0.0,7.0,2.0,002796_20250728,65,10.0%,3.9,1.1,3,-0.0097,0,0,0,0.0209302325581395,-0.02635658914728681,-0.009302325581395425
136,600343,20250728,20250729,20250801,0,14,3,2,1102.7,14.85,3.9,2,1,6,3.24,1.16,0.87,0.54,7.1,4,0.8,133,87,10.57,1,1,0.0,1.29,0.0,46.0,0.0,41.0,2.0,600343_20250728,84,7.3%,5.7,3.3,3,0.058499999999999996,1,1,0,0.07744107744107746,-0.03905723905723906,-0.0047138047138047335
137,002317,20250729,20250730,20250804,0,10,5,2,3507.3,19.73,11.9,2,1,0,-2.81,0.44,0.86,0.74,12.36,4,0.92,140,83,10.76,0,1,1.0,3.65,1.0,7.0,0.0,10.0,2.0,002317_20250729,75,10.0%,3.7,2.6,3,0.0737,1,1,0,0.14196891191709837,-0.009844559585492295,0.03834196891191702
138,002361,20250729,20250730,20250804,0,26,3,1,610.3,6.91,2.3,3,0,0,-0.7,-0.11,0.76,1.04,-0.89,6,0.23,140,83,10.76,0,1,1.0,2.08,0.0,13.0,0.0,7.0,2.0,002361_20250729,70,10.0%,2.9,2.0,3,0.0222,0,1,0,0.051428571428571476,-0.05999999999999999,-0.04142857142857143
139,603773,20250729,20250730,20250804,0,26,11,0,433.6,28.27,1.5,2,0,0,8.59,0.46,1.7,2.31,6.29,4,0.92,140,83,10.76,0,1,1.0,2.08,0.0,13.0,0.0,7.0,2.0,603773_20250729,75,10.0%,4.6,1.6,3,-0.0169,0,0,0,0.045864933188876834,-0.06067172264355362,-0.0028891296496930965
140,002931,20250730,20250731,20250805,0,29,7,2,265.4,17.34,1.0,1,0,0,-7.8,-0.1,0.73,0.79,1.12,6,0.61,99,66,10.47,0,1,1.0,-1.09,0.0,46.0,0.0,6.0,2.0,002931_20250730,80,10.0%,8.7,1.9,3,-0.0128,0,0,0,0.012216404886561796,-0.04363001745200698,-0.025014543339150652
141,600408,20250730,20250731,20250805,0,22,1,0,233.6,2.49,0.8,2,0,0,1.54,0.88,0.73,0.88,5.67,4,0.48,99,66,10.47,0,1,1.0,2.08,0.0,13.0,0.0,7.0,2.0,600408_20250730,70,10.2%,3.4,1.8,3,-0.07519999999999999,0,0,0,-0.06374501992031861,-0.11952191235059755,-0.10756972111553768
142,600651,20250730,20250731,20250805,1,11,0,0,533.6,5.7,1.8,1,1,0,27.08,1.73,5.32,5.33,16.38,6,0.82,99,66,10.47,0,1,1.0,2.08,0.0,13.0,0.0,7.0,2.0,600651_20250730,90,10.0%,8.6,3.1,3,0.06570000000000001,1,1,1,0.10380622837370236,-0.05709342560553634,-0.03806228373702433
143,601869,20250730,20250731,20250806,1,30,4,1,1199.3,48.62,4.1,2,1,0,0.84,0.11,1.07,0.69,12.44,3,0.91,99,66,10.47,0,1,1.0,-0.93,0.0,21.0,0.0,2.0,3.0,601869_20250730,75,10.0%,3.7,2.8,4,0.0824,1,1,1,0.1661211129296235,0.002659574468085013,0.03784779050736486
144,000811,20250731,20250801,20250806,0,18,12,3,1749.2,12.76,6.4,1,0,0,-8.11,-0.28,0.52,0.92,-3.63,2,0.14,93,63,10.77,2,1,3.0,0.32,0.0,46.0,1.0,1.0,1.0,000811_20250731,75,10.0%,1.8,2.4,3,0.0013,0,1,0,0.021599999999999966,-0.030400000000000062,-0.012800000000000011
145,002173,20250731,20250801,20250806,1,14,2,1,2253.7,15.34,8.8,2,0,22,-7.21,-0.2,0.63,0.72,-0.92,5,0.19,93,63,10.77,2,1,1.0,2.08,0.0,13.0,0.0,7.0,2.0,002173_20250731,61,7.7%,7.2,1.1,3,0.0552,1,1,1,0.08200000000000003,-0.06199999999999998,-0.016666666666666666
146,002757,20250731,20250801,20250806,0,12,3,1,1256.2,21.78,4.5,3,0,0,-3.42,0.31,0.83,0.59,9.03,6,0.85,93,63,10.77,2,1,3.0,0.53,0.0,33.0,1.0,2.0,2.0,002757_20250731,85,10.0%,7.9,2.4,3,-0.0111,0,0,0,0.025537634408602163,-0.0734767025089606,-0.03091397849462371
147,601606,20250731,20250801,20250808,1,17,0,0,8151.0,34.68,27.9,4,1,0,-2.77,0.23,0.9,1.14,4.79,6,0.66,93,63,10.77,2,1,1.0,2.08,0.0,13.0,0.0,7.0,2.0,601606_20250731,90,10.0%,7.4,3.3,5,0.48350000000000004,1,1,1,0.5812553740326741,0.011751218114072702,0.11292633992548001
148,002902,20250801,20250804,20250807,0,10,4,1,1093.8,22.7,4.1,1,0,36,-0.04,0.13,1.1,1.16,0.03,3,0.62,107,63,10.83,0,1,0.0,-0.23,0.0,21.0,0.0,19.0,2.0,002902_20250801,64,7.1%,0.2,1.9,3,0.011000000000000001,0,1,0,0.04270786006360734,-0.00954111767378468,0.019082235347569202
149,600481,20250801,20250804,20250807,0,10,3,1,1891.0,6.13,7.2,6,0,0,-10.23,-0.16,0.67,0.94,-0.81,4,0.07,107,63,10.83,0,1,1.0,2.43,0.0,8.0,0.0,7.0,1.0,600481_20250801,67,10.1%,0.3,2.9,3,-0.0394,0,0,0,-0.00652528548123981,-0.05220228384991848,-0.021207177814029348
150,603286,20250801,20250804,20250807,0,15,4,3,483.6,30.77,1.8,2,0,0,-0.28,-0.03,0.86,1.14,-3.77,3,0.12,107,63,10.83,0,1,2.0,0.74,0.0,47.0,0.0,3.0,0.0,603286_20250801,70,10.0%,2.6,1.9,3,0.0809,1,1,0,0.1616358325219085,0.03959753326841942,0.0905550146056476
151,603516,20250801,20250804,20250806,1,26,6,2,2356.8,66.53,6.7,2,1,0,-0.97,2.16,1.1,1.0,30.1,8,1.0,107,63,10.83,0,1,1.0,0.36,0.0,15.0,0.0,5.0,1.0,603516_20250801,80,10.0%,7.8,1.6,2,0.1788,1,1,1,0.1976326041354512,-0.009439616421935804,0.0887024273299371
152,603863,20250801,20250804,20250807,0,10,1,1,652.9,18.13,2.2,2,0,0,8.65,0.43,1.62,1.64,5.87,4,0.76,107,63,10.83,0,1,1.0,2.14,0.0,7.0,0.0,8.0,0.0,603863_20250801,80,10.0%,5.3,2.1,3,0.0242,0,1,0,0.06565382528486169,-0.040694519804666304,-0.01790558871405308
153,002361,20250804,20250805,20250808,0,26,3,1,943.6,7.18,3.5,3,0,4,16.2,0.86,2.27,4.04,5.12,4,0.49,167,97,10.47,0,1,1.0,2.08,0.0,13.0,0.0,7.0,2.0,002361_20250804,69,7.2%,5.9,1.4,3,0.011699999999999999,0,1,0,0.03319502074688787,-0.011065006915629332,0.008298755186721938
154,002484,20250804,20250805,20250808,0,15,11,2,2270.6,26.18,7.9,1,0,0,3.83,0.78,1.36,1.77,4.62,4,0.74,167,97,10.47,0,1,1.0,1.12,0.0,22.0,0.0,6.0,0.0,002484_20250804,70,10.0%,4.9,1.5,3,0.0040999999999999995,0,1,0,0.04875283446712015,-0.0343915343915344,0.021541950113378696
155,002651,20250804,20250805,20250807,1,4,0,0,1395.8,12.94,5.2,6,0,0,-6.43,-0.11,0.85,0.99,-3.85,5,0.1,167,97,10.47,0,1,1.0,2.08,0.0,13.0,0.0,7.0,2.0,002651_20250804,75,10.0%,5.8,1.5,2,0.0458,0,1,1,0.111277072442121,-0.006721433905899915,0.10156833457804326
156,002851,20250804,20250805,20250808,0,13,7,1,4828.6,64.39,16.7,4,0,11,1.05,0.8,1.38,1.4,4.91,6,0.65,167,97,10.47,0,1,0.0,1.22,1.0,9.0,0.0,69.0,2.0,002851_20250804,59,8.4%,0.2,1.3,3,-0.0421,0,0,0,0.018764659890539527,-0.05848318999218142,-0.011727912431587178
157,603211,20250804,20250805,20250808,0,12,8,4,356.3,19.45,1.4,4,0,100,-10.45,-0.15,0.62,0.88,-1.48,4,0.34,167,97,10.47,0,1,1.0,2.39,0.0,47.0,0.0,8.0,1.0,603211_20250804,74,7.2%,3.0,2.2,3,0.0169,0,1,0,0.044979079497907914,0.004184100418409952,0.035041841004184004
158,605298,20250804,20250805,20250808,0,17,2,0,159.5,16.8,0.6,1,0,0,-0.92,0.24,0.58,0.64,1.78,3,0.34,167,97,10.47,0,1,1.0,2.08,0.0,13.0,0.0,7.0,2.0,605298_20250804,65,10.0%,1.4,1.2,3,0.0336,0,1,0,0.04173913043478254,-0.014492753623188406,0.010434782608695636
159,000901,20250805,20250806,20250812,1,13,2,1,1405.5,14.63,5.0,1,0,0,4.4,0.43,1.23,1.25,4.04,5,0.8,116,79,10.69,0,1,1.0,2.08,0.0,13.0,0.0,7.0,2.0,000901_20250805,90,10.0%,7.0,4.2,4,0.28,1,1,1,0.3753351206434316,0.02546916890080434,0.03284182305630028
160,002029,20250806,20250807,20250812,0,11,2,1,158.4,7.49,0.6,2,0,0,-5.1,-0.47,0.62,1.08,-2.71,4,0.28,154,97,10.9,2,1,2.0,3.32,0.0,7.0,0.0,5.0,3.0,002029_20250806,67,10.0%,5.6,1.9,3,-0.0547,0,0,0,-0.028909329829172225,-0.05256241787122212,-0.042049934296977697
161,002896,20250806,20250807,20250812,0,11,5,1,7056.6,94.38,23.5,3,0,0,-1.49,-0.29,0.86,1.31,2.43,5,0.66,154,97,10.9,2,1,3.0,1.94,1.0,46.0,1.0,2.0,3.0,002896_20250806,65,10.0%,2.4,1.5,3,-0.0271,0,0,0,0.006666666666666632,-0.05373737373737367,-0.030101010101010142
162,002943,20250806,20250807,20250812,0,14,4,2,491.1,31.1,1.8,1,1,100,6.34,0.47,1.3,1.02,10.72,5,0.79,154,97,10.9,2,1,3.0,1.94,1.0,46.0,1.0,2.0,3.0,002943_20250806,84,7.7%,6.8,3.1,3,0.07769999999999999,1,1,0,0.09314359637774888,0.0032341526520051054,0.03201811125485118
163,603725,20250806,20250807,20250812,0,9,6,4,368.7,10.56,1.3,1,1,8,-0.6,1.29,0.75,0.46,13.73,4,0.74,154,97,10.9,2,1,0.0,2.29,0.0,13.0,0.0,91.0,3.0,603725_20250806,79,7.1%,3.7,2.5,3,0.031,0,1,0,0.0767018216682647,-0.030680728667305878,-0.013422818791946364
164,000670,20250807,20250808,20250813,0,10,3,0,1330.9,8.44,4.9,2,0,0,-3.69,-0.04,0.64,0.75,3.19,5,0.53,112,78,10.69,0,1,1.0,2.08,0.0,13.0,0.0,7.0,2.0,000670_20250807,85,10.0%,9.0,2.7,3,-0.0144,0,0,0,0.022974607013301243,-0.02781136638452242,-0.013301088270858456
165,002354,20250807,20250808,20250813,0,14,11,3,2114.8,7.45,7.7,4,0,0,-0.12,-0.12,0.95,1.25,1.54,6,0.81,112,78,10.69,0,1,1.0,2.28,1.0,4.0,0.0,17.0,3.0,002354_20250807,65,10.0%,3.0,1.4,3,0.0297,0,1,0,0.08355437665782492,-0.030503978779840905,0.014588859416445665
166,002915,20250807,20250808,20250812,1,11,3,1,2465.7,26.87,7.6,3,1,0,8.76,2.03,1.74,2.35,27.5,4,1.0,112,78,10.69,0,1,1.0,0.73,0.0,39.0,0.0,14.0,3.0,002915_20250807,80,10.0%,8.9,1.8,2,0.0516,1,1,1,0.13839285714285723,-0.04538690476190472,0.07254464285714284
167,600184,20250808,20250811,20250814,0,10,4,2,2010.0,22.83,6.9,1,1,0,-2.71,0.78,0.84,0.6,11.61,5,0.75,125,86,10.6,0,1,1.0,1.9,0.0,3.0,0.0,6.0,2.0,600184_20250808,80,10.0%,1.0,3.2,3,-0.0364,0,0,0,0.08991228070175442,-0.0333333333333334,0.034210526315789365
168,600513,20250808,20250811,20250814,0,15,2,2,3396.2,23.18,10.8,3,1,0,2.79,2.94,1.12,1.53,27.47,6,0.66,125,86,10.6,0,1,1.0,2.08,0.0,13.0,0.0,7.0,2.0,600513_20250808,85,10.0%,3.8,3.0,3,0.044199999999999996,0,1,0,0.11836051861145956,-0.010455876202425763,0.07277289836888325
169,603773,20250808,20250811,20250814,0,26,11,0,588.9,31.13,2.0,2,1,0,-5.98,0.82,0.58,0.54,11.87,6,0.87,125,86,10.6,0,1,1.0,2.08,0.0,13.0,0.0,7.0,2.0,603773_20250808,70,10.0%,4.2,1.1,3,-0.06509999999999999,0,0,0,0.028124999999999956,-0.06312499999999999,0.01968750000000008
170,000010,20250811,20250812,20250815,0,11,0,0,1161.2,5.1,3.5,3,1,0,7.83,3.37,1.07,2.23,30.4,6,1.0,193,132,11.18,1,1,1.0,2.08,0.0,13.0,0.0,7.0,2.0,000010_20250811,80,9.9%,1.8,3.7,3,-0.10679999999999999,0,0,0,-0.05263157894736834,-0.14619883040935672,-0.12085769980506825
171,002418,20250811,20250812,20250815,1,15,3,0,802.7,4.2,2.8,4,0,0,6.77,1.15,1.05,1.74,6.19,6,0.87,193,132,11.18,1,1,2.0,3.83,0.0,10.0,0.0,6.0,1.0,002418_20250811,75,9.9%,8.9,1.2,3,0.1438,1,1,1,0.21615201900237532,-0.021377672209026095,0.004750593824228138
172,002782,20250811,20250812,20250814,1,13,5,0,465.9,16.14,1.7,1,1,0,21.59,0.71,3.51,4.86,5.32,7,0.43,193,132,11.18,1,1,1.0,2.08,0.0,13.0,0.0,7.0,2.0,002782_20250811,90,10.0%,8.6,4.6,2,-0.0209,0,0,1,0.08108108108108117,-0.0474474474474474,0.04624624624624644
173,002851,20250811,20250812,20250815,0,13,7,1,5397.9,67.63,18.7,4,0,0,-0.25,1.39,0.79,0.73,11.58,7,0.66,193,132,11.18,1,1,3.0,5.19,1.0,9.0,1.0,1.0,2.0,002851_20250811,65,10.0%,1.5,1.1,3,0.0556,1,1,0,0.09839682306221521,-0.018973378438005475,0.021620826592145887
174,600113,20250811,20250812,20250814,1,16,5,4,760.0,36.1,2.5,3,1,0,-4.72,1.77,0.96,1.75,12.7,6,0.81,193,132,11.18,1,1,1.0,3.07,0.0,8.0,0.0,11.0,3.0,600113_20250811,70,10.0%,0.7,1.7,2,0.247,1,1,1,0.2970270270270271,0.07324324324324327,0.18054054054054053
175,600172,20250811,20250812,20250814,1,27,11,3,901.1,5.06,3.2,5,0,0,-2.29,0.45,0.78,1.03,5.03,6,0.85,193,132,11.18,1,1,2.0,1.74,0.0,46.0,0.0,5.0,3.0,600172_20250811,85,10.0%,8.1,2.4,2,0.0025,0,1,1,0.1,-0.027999999999999935,0.06400000000000006
176,600619,20250811,20250812,20250814,1,12,0,0,6355.4,20.89,19.9,5,0,0,3.21,1.77,1.48,1.93,13.04,5,0.64,193,132,11.18,1,1,1.0,2.08,0.0,13.0,0.0,7.0,2.0,600619_20250811,75,10.0%,2.1,2.4,2,0.09609999999999999,1,1,1,0.22184630256162396,0.08748187530207824,0.22184630256162396
177,603538,20250811,20250812,20250815,0,17,7,4,2432.8,28.68,8.7,2,1,0,5.69,-0.78,1.32,1.31,2.15,4,0.59,193,132,11.18,1,1,2.0,2.66,1.0,32.0,0.0,3.0,1.0,603538_20250811,72,10.0%,2.8,3.3,3,-0.0218,0,0,0,0.07487922705314003,-0.054520358868185015,0.02760524499654937
178,603090,20250812,20250813,20250818,0,18,3,1,523.4,35.35,1.7,1,1,0,-4.65,0.51,1.06,1.36,2.75,6,0.79,115,72,10.07,0,1,2.0,-0.28,0.0,46.0,0.0,3.0,3.0,603090_20250812,75,10.0%,3.8,1.7,3,-0.0993,0,0,0,0.03750000000000004,-0.11000000000000003,-0.02666666666666669
179,000700,20250813,20250814,20250819,0,15,5,1,797.9,8.92,2.8,1,1,0,-9.83,0.38,0.71,0.39,3.22,4,0.87,199,137,10.56,3,1,2.0,1.54,1.0,47.0,0.0,8.0,1.0,000700_20250813,80,10.0%,3.5,3.0,3,0.017,0,1,0,0.07119741100323626,-0.005393743257820813,0.04099244875943914
180,000962,20250813,20250814,20250819,0,15,4,1,848.6,19.61,3.1,2,1,0,1.45,0.44,1.17,0.83,2.8,6,0.96,199,137,10.56,3,1,1.0,3.37,0.0,9.0,0.0,12.0,2.0,000962_20250813,80,10.0%,7.3,1.9,3,0.0906,1,1,0,0.15644490644490655,0.014553014553014613,0.042619542619542636
181,603083,20250813,20250814,20250820,1,22,6,1,4695.4,56.92,16.8,2,0,0,-9.58,-0.08,0.62,0.66,5.6,4,0.57,199,137,10.56,3,1,2.0,1.92,1.0,21.0,0.0,6.0,3.0,603083_20250813,70,9.9%,2.3,1.9,4,0.1957,1,1,1,0.21698452680820443,-0.05001799208348329,-0.035984166966534725
182,000070,20250814,20250815,20250820,0,29,4,1,1736.7,10.99,5.5,2,1,0,9.2,3.0,1.67,2.16,25.46,7,1.0,86,60,10.03,1,1,2.0,-1.91,0.0,21.0,0.0,3.0,3.0,000070_20250814,90,10.0%,6.8,6.7,3,-0.0678,0,0,0,0.06710775047258971,-0.07844990548204159,0.0018903591682419257
183,002549,20250815,20250818,20250821,0,14,4,3,3706.7,16.68,11.6,5,1,0,12.62,2.8,1.89,2.89,27.2,8,0.73,237,158,10.87,1,1,1.0,2.35,0.0,39.0,0.0,22.0,2.0,002549_20250815,65,10.0%,2.5,1.4,3,-0.0958,0,0,0,0.09175920514319114,-0.09994155464640556,0.03798947983635314
184,600673,20250815,20250818,20250821,0,11,5,1,2262.6,17.03,8.0,1,1,0,7.85,1.26,1.48,1.16,7.55,5,0.53,237,158,10.87,1,1,1.0,4.41,0.0,6.0,0.0,18.0,2.0,600673_20250815,75,10.0%,5.6,1.6,3,0.0553,1,1,0,0.1193771626297578,-0.024221453287197124,0.07324106113033446
185,603002,20250815,20250818,20250821,1,12,7,0,1002.9,7.87,3.6,2,1,0,9.43,0.65,1.45,0.51,3.0,5,0.42,237,158,10.87,1,1,1.0,3.49,0.0,11.0,0.0,24.0,2.0,603002_20250815,70,10.1%,4.6,1.9,3,0.0285,0,1,1,0.11070110701106993,-0.019680196801968145,0.009840098400984017
186,603186,20250815,20250818,20250820,1,15,9,1,1025.4,38.48,3.6,2,1,4,14.44,1.27,3.09,2.52,6.97,3,0.67,237,158,10.87,1,1,1.0,2.08,0.0,13.0,0.0,7.0,2.0,603186_20250815,79,8.4%,5.7,2.2,2,0.0542,1,1,1,0.15051282051282044,0.03358974358974365,0.10794871794871796
187,600330,20250818,20250819,20250822,0,24,6,1,1563.1,9.44,5.5,1,1,0,13.2,0.77,2.36,2.77,9.04,6,0.83,316,217,11.52,3,1,1.0,3.5,0.0,11.0,0.0,22.0,2.0,600330_20250818,80,10.0%,0.9,5.8,3,-0.0874,0,0,0,-0.03937823834196899,-0.09948186528497417,-0.06321243523316074
188,600400,20250818,20250819,20250822,0,11,4,1,211.6,2.43,0.8,2,0,0,13.99,0.12,2.47,1.4,1.4,4,0.37,316,217,11.52,3,1,1.0,1.04,0.0,7.0,0.0,21.0,2.0,600400_20250818,80,9.9%,5.3,2.2,3,-0.0075,0,0,0,0.15999999999999998,-0.011999999999999922,0.03599999999999994
189,603083,20250818,20250819,20250822,0,22,6,1,4893.4,58.94,17.2,2,1,0,4.25,1.05,1.56,2.11,6.85,5,0.61,316,217,11.52,3,1,2.0,4.0,1.0,21.0,0.0,5.0,2.0,603083_20250818,75,10.0%,5.0,1.7,3,0.0883,1,1,0,0.12046802900461429,-0.010876730388925455,0.09838497033618995
190,603192,20250818,20250819,20250822,0,8,1,1,298.3,24.95,1.1,5,0,0,-4.35,0.2,0.69,0.64,4.94,6,0.64,316,217,11.52,3,1,1.0,2.08,0.0,13.0,0.0,7.0,2.0,603192_20250818,65,10.0%,3.5,1.5,3,-0.0279,0,0,0,0.1887019230769231,-0.02764423076923082,0.0909455128205128
191,000753,20250819,20250820,20250822,1,12,0,0,518.7,5.98,1.9,7,0,100,-6.99,0.23,0.73,0.82,3.29,5,0.85,181,131,11.12,3,1,1.0,2.08,0.0,13.0,0.0,7.0,2.0,000753_20250819,69,7.2%,5.5,1.1,2,0.1091,1,1,1,0.1428571428571428,-0.025210084033613505,0.08235294117647061
192,002421,20250819,20250820,20250825,0,14,11,0,538.7,3.8,2.0,2,0,0,7.58,-0.14,1.6,1.33,0.96,5,0.81,181,131,11.12,3,1,2.0,1.12,1.0,17.0,0.0,4.0,2.0,002421_20250819,85,10.1%,7.5,2.6,3,-0.04019999999999999,0,0,0,0.0026246719160104427,-0.044619422572178456,-0.03149606299212601
193,002445,20250819,20250820,20250825,0,11,1,0,388.6,2.64,1.5,1,0,0,6.75,-0.55,1.47,1.4,-3.19,3,0.37,181,131,11.12,3,1,1.0,2.08,0.0,13.0,0.0,7.0,2.0,002445_20250819,72,10.0%,1.9,5.4,3,0.0003,0,1,0,0.04198473282442743,-0.022900763358778647,-0.007633587786259549
194,603222,20250819,20250820,20250825,0,18,4,4,654.4,10.78,1.9,4,1,0,22.52,3.83,4.32,6.15,35.28,6,1.0,181,131,11.12,3,1,1.0,0.84,0.0,8.0,0.0,22.0,2.0,603222_20250819,80,10.0%,4.7,2.9,3,-0.0358,0,0,0,0.19960861056751458,-0.06066536203522514,0.11545988258317022
195,002281,20250820,20250821,20250826,0,13,6,1,7530.2,60.5,26.1,2,1,0,8.72,0.86,1.47,2.71,6.91,6,0.64,159,120,10.61,1,1,1.0,1.49,1.0,21.0,0.0,8.0,3.0,002281_20250820,75,10.0%,4.7,2.0,3,0.0424,0,1,0,0.06918032786885243,-0.05245901639344267,-0.017704918032786857
196,002980,20250820,20250821,20250826,0,22,8,2,520.3,26.97,1.8,1,0,0,-7.72,0.16,0.66,0.66,1.62,5,0.56,159,120,10.61,1,1,1.0,1.21,0.0,22.0,0.0,11.0,2.0,002980_20250820,90,10.0%,8.5,3.6,3,-0.046799999999999994,0,0,0,0.0018518518518518782,-0.0666666666666667,-0.04518518518518514
197,600301,20250820,20250821,20250826,0,11,4,0,946.6,28.46,3.3,1,1,5,11.38,2.12,1.49,3.14,15.72,7,0.91,159,120,10.61,1,1,1.0,2.08,0.0,13.0,0.0,7.0,2.0,600301_20250820,69,8.2%,0.4,2.4,3,0.0874,1,1,0,0.14136314460872695,-0.01767039307609095,-0.0010818608005770335
198,002674,20250821,20250822,20250827,0,19,10,7,494.3,13.79,1.7,1,1,0,-1.29,1.61,0.94,1.2,17.21,4,0.74,81,65,10.76,0,1,2.0,1.47,0.0,8.0,0.0,1.0,3.0,002674_20250821,75,10.0%,0.9,2.1,3,-0.0182,0,0,0,0.09144542772861358,-0.028023598820059052,0.008112094395280194
199,603123,20250821,20250822,20250827,0,6,0,0,2149.1,15.37,7.8,3,0,0,5.9,1.51,0.78,0.72,12.0,5,0.51,81,65,10.76,0,1,1.0,2.08,0.0,13.0,0.0,7.0,2.0,603123_20250821,75,10.0%,1.4,2.5,3,-0.041299999999999996,0,0,0,0.06621621621621612,-0.03918918918918919,0.031081081081081017
200,603986,20250821,20250822,20250827,0,15,8,3,9355.6,137.16,33.9,2,0,100,10.07,0.89,1.64,1.34,7.78,6,0.85,81,65,10.76,0,1,0.0,-0.57,1.0,41.0,0.0,64.0,3.0,603986_20250821,79,8.0%,5.1,2.9,3,0.1705,1,1,0,0.24703966844286557,0.12625814091178214,0.16785079928952046
201,002290,20250822,20250825,20250828,0,10,4,1,418.2,32.89,1.6,3,0,0,-5.85,-0.34,0.88,0.34,-1.53,4,0.14,266,155,10.24,1,1,3.0,4.42,1.0,10.0,1.0,1.0,2.0,002290_20250822,70,10.0%,2.2,1.7,3,0.055099999999999996,1,1,0,0.1069658991547652,-0.013990090352666976,0.03614106674438924
202,600475,20250822,20250825,20250828,0,18,1,0,1508.7,25.92,4.6,6,1,0,-7.01,0.02,0.68,1.14,11.84,4,1.0,266,155,10.24,1,1,1.0,2.08,0.0,13.0,0.0,7.0,2.0,600475_20250822,70,10.0%,4.0,1.2,3,-0.1698,0,0,0,-0.09080503624570783,-0.19114841663487223,-0.14536436474628012
203,600651,20250822,20250825,20250829,1,11,0,0,2505.6,7.9,8.0,1,1,0,-0.98,0.52,1.3,1.59,7.95,5,0.8,266,155,10.24,1,1,1.0,2.08,0.0,13.0,0.0,7.0,2.0,600651_20250822,80,9.9%,3.4,4.2,4,0.039900000000000005,0,1,1,0.09342105263157906,-0.09868421052631579,-0.05657894736842102
204,002080,20250825,20250826,20250829,0,17,8,2,4329.8,38.15,13.8,1,1,1,1.58,2.64,0.86,0.71,28.06,5,1.0,237,141,10.41,1,1,0.0,1.59,1.0,5.0,0.0,26.0,3.0,002080_20250825,69,8.1%,3.7,1.9,3,-0.053099999999999994,0,0,0,0.06163126147390491,-0.11067400996590626,-0.0611067400996592
205,002378,20250825,20250826,20250829,0,11,2,0,1799.1,13.38,5.5,2,1,0,19.28,2.65,3.04,4.34,27.23,7,1.0,237,141,10.41,1,1,1.0,2.08,0.0,13.0,0.0,7.0,2.0,002378_20250825,70,10.0%,5.1,1.3,3,0.0941,1,1,0,0.19438285291943835,0.03473762010347381,0.13821138211382122
206,002916,20250825,20250826,20250829,1,14,3,1,5455.7,161.1,19.4,2,1,8,0.39,0.19,0.98,0.71,8.65,4,0.77,237,141,10.41,1,1,0.0,2.04,1.0,22.0,0.0,43.0,2.0,002916_20250825,59,7.5%,1.7,1.4,3,0.2263,1,1,1,0.2422360248447205,0.0006211180124223249,0.052795031055900624
207,600869,20250825,20250826,20250829,0,16,7,0,1213.9,7.13,4.2,1,1,0,8.99,1.23,1.4,2.34,7.45,6,0.6,237,141,10.41,1,1,2.0,1.74,0.0,22.0,0.0,6.0,2.0,600869_20250825,90,10.0%,8.9,3.6,3,-0.0259,0,0,0,0.009817671809256702,-0.04908835904628326,-0.04488078541374478
208,603163,20250825,20250826,20250829,0,29,4,2,517.8,38.83,1.8,1,1,0,-6.3,0.07,0.83,0.81,4.66,4,0.95,237,141,10.41,1,1,2.0,3.85,0.0,9.0,0.0,2.0,1.0,603163_20250825,75,10.0%,2.5,3.0,3,-0.0063,0,0,0,0.08864975659748912,-0.02946451447604403,-0.021265693056623066
209,002131,20250826,20250827,20250902,1,14,0,0,12110.2,5.31,40.7,7,0,0,9.51,2.75,1.32,1.51,20.95,6,0.62,135,105,10.97,1,1,1.0,2.08,0.0,13.0,0.0,7.0,2.0,002131_20250826,80,9.9%,6.9,1.8,4,0.046799999999999994,0,1,1,0.11310592459605025,-0.0879712746858169,-0.026929982046678697
210,600151,20250826,20250827,20250901,0,13,1,0,688.6,8.73,2.5,1,0,0,-3.16,-0.02,0.88,0.82,0.97,5,0.5,135,105,10.97,1,1,1.0,2.08,0.0,13.0,0.0,7.0,2.0,600151_20250826,80,9.9%,2.3,3.4,3,-0.0069,0,0,0,0.025142857142857217,-0.03314285714285704,-0.01028571428571427
211,600397,20250826,20250827,20250901,0,16,7,2,889.9,8.12,2.9,4,1,0,12.48,1.99,1.82,2.85,13.67,5,0.95,135,105,10.97,1,1,1.0,0.55,0.0,33.0,0.0,11.0,2.0,600397_20250826,65,10.0%,0.5,1.2,3,0.0736,1,1,0,0.10447761194029873,-0.04975124378109447,-0.011194029850746141
212,603929,20250826,20250827,20250901,0,26,5,2,311.0,42.45,1.1,2,1,0,9.59,-0.61,1.46,1.13,1.57,4,0.96,135,105,10.97,1,1,1.0,2.4,0.0,9.0,0.0,7.0,2.0,603929_20250826,80,10.0%,9.8,1.7,3,-0.0405,0,0,0,-0.01360544217687078,-0.07528344671201814,-0.04625850340136052
213,605188,20250826,20250827,20250829,1,20,0,0,874.6,15.28,3.0,6,0,0,3.07,0.25,1.22,1.05,6.26,6,0.66,135,105,10.97,1,1,1.0,2.08,0.0,13.0,0.0,7.0,2.0,605188_20250826,80,10.0%,5.5,2.0,2,0.1603,1,1,1,0.3114119922630561,0.09929078014184403,0.19213410702772396
214,605289,20250826,20250827,20250902,1,20,7,1,683.9,49.88,2.2,1,1,9,-7.02,0.73,0.82,1.38,16.85,5,0.94,135,105,10.97,1,1,1.0,2.4,0.0,9.0,0.0,7.0,2.0,605289_20250826,79,7.6%,5.8,2.1,4,0.09759999999999999,1,1,1,0.1929464834939511,-0.04285421365593609,0.03424236210785307
215,002082,20250827,20250828,20250902,0,17,0,0,652.0,9.58,2.2,3,1,0,8.5,1.49,1.05,0.58,18.05,5,0.93,92,68,11.01,0,1,1.0,2.08,0.0,13.0,0.0,7.0,2.0,002082_20250827,90,10.0%,9.5,3.1,3,0.0417,0,1,0,0.1301075268817203,-0.020430107526881857,0.026881720430107524
216,600105,20250827,20250828,20250902,0,18,4,1,3029.5,10.77,10.7,3,1,100,-0.48,0.86,1.19,1.39,9.51,6,0.87,92,68,11.01,0,1,1.0,0.78,1.0,21.0,0.0,3.0,3.0,600105_20250827,74,7.5%,3.6,2.1,3,-0.0212,0,0,0,0.11534883720930235,-0.02604651162790692,0.035348837209302396
217,603948,20250827,20250828,20250902,1,8,2,2,181.2,24.11,0.7,3,0,0,1.81,0.44,0.89,0.87,2.93,5,0.87,92,68,11.01,0,1,1.0,-2.61,0.0,39.0,0.0,11.0,2.0,603948_20250827,75,10.0%,2.8,2.6,3,0.14429999999999998,1,1,1,0.39525691699604726,0.1415019762845849,0.1529644268774704
218,002636,20250828,20250829,20250903,0,24,7,1,1613.6,14.6,5.8,5,0,0,-1.51,0.62,1.1,0.69,8.27,6,0.47,267,124,10.05,2,1,1.0,2.08,0.0,13.0,0.0,7.0,2.0,002636_20250828,75,10.0%,7.3,1.9,3,-0.1818,0,0,0,-0.05168986083499002,-0.18223989396951623,-0.07886017229953608
219,002842,20250828,20250829,20250903,0,21,8,2,1196.2,12.76,4.0,1,1,0,13.14,2.38,2.01,1.53,19.9,8,0.68,267,124,10.05,2,1,1.0,3.04,1.0,9.0,0.0,8.0,1.0,002842_20250828,80,10.0%,1.5,3.9,3,-0.1439,0,0,0,-0.021657953696788718,-0.14712471994025397,-0.03286034353995528
220,600183,20250828,20250829,20250903,0,12,7,1,6224.9,52.5,20.8,1,1,9,-4.4,1.69,0.85,1.26,17.93,4,0.78,267,124,10.05,2,1,1.0,2.08,0.0,13.0,0.0,7.0,2.0,600183_20250828,59,8.6%,0.5,1.2,3,-0.0259,0,0,0,0.05578987730061357,-0.06729294478527605,0.05195552147239266
221,000796,20250829,20250901,20250904,0,10,0,0,1873.2,5.92,6.7,1,1,0,4.26,0.27,1.37,0.57,12.09,4,0.74,165,99,10.31,0,1,1.0,2.08,0.0,13.0,0.0,7.0,2.0,000796_20250829,75,10.0%,6.7,1.8,3,0.0764,1,1,0,0.10544217687074832,-0.005102040816326573,0.003401360544217766
222,002210,20250829,20250901,20250904,1,10,5,0,1704.8,3.53,6.1,2,1,0,11.8,0.46,2.35,3.38,3.62,3,0.52,165,99,10.31,0,1,1.0,2.08,0.0,13.0,0.0,7.0,2.0,002210_20250829,80,10.0%,9.6,1.7,3,0.0814,1,1,1,0.1561643835616438,0.03013698630136983,0.05205479452054793
223,002989,20250829,20250901,20250904,0,12,8,2,356.2,33.22,1.3,2,0,0,2.65,0.08,1.14,1.79,0.61,6,0.44,165,99,10.31,0,1,1.0,0.15,0.0,7.0,0.0,13.0,1.0,002989_20250829,75,10.0%,0.7,2.3,3,0.0776,1,1,0,0.10480480480480488,0.040240240240240345,0.05645645645645654
224,600545,20250829,20250901,20250904,1,22,9,1,498.4,2.96,1.8,3,0,0,-3.96,-0.07,1.09,1.2,-0.72,3,0.54,165,99,10.31,0,1,1.0,-0.18,0.0,33.0,0.0,11.0,2.0,600545_20250829,65,10.0%,4.3,1.3,3,-0.023399999999999997,0,0,1,0.05315614617940204,-0.0531561461794019,-0.04318936877076409
225,605288,20250829,20250901,20250903,1,16,4,0,406.6,78.91,1.3,2,1,0,3.65,2.79,1.14,1.08,22.79,6,0.79,165,99,10.31,0,1,1.0,2.08,0.0,13.0,0.0,7.0,2.0,605288_20250829,75,10.0%,5.6,1.9,2,0.1971,1,1,1,0.2775434243176179,0.07940446650124076,0.18461538461538474
226,000506,20250901,20250902,20250905,0,18,6,3,642.1,10.09,2.5,2,0,100,-0.28,-0.56,0.93,1.17,-5.17,4,0.09,248,159,10.84,1,1,2.0,7.97,1.0,7.0,0.0,4.0,2.0,000506_20250901,56,7.9%,0.4,1.5,3,-0.0326,0,0,0,0.03197674418604652,-0.04844961240310077,0.016472868217054255
227,000603,20250901,20250902,20250905,0,11,2,2,932.4,19.15,3.2,1,1,0,6.93,0.87,1.16,1.84,8.84,6,0.71,248,159,10.84,1,1,2.0,7.97,1.0,7.0,0.0,4.0,2.0,000603_20250901,75,10.0%,4.6,1.7,3,-0.0285,0,0,0,0.030000000000000072,-0.08000000000000007,-0.015000000000000036
228,000980,20250901,20250902,20250905,0,12,4,0,2146.3,2.83,7.4,3,0,0,6.78,0.98,1.59,1.24,5.85,4,0.53,248,159,10.84,1,1,1.0,2.08,0.0,13.0,0.0,7.0,2.0,000980_20250901,80,10.1%,9.7,1.9,3,-0.0431,0,0,0,0.025179856115108017,-0.12230215827338126,-0.028776978417266053
229,002431,20250901,20250902,20250905,0,7,0,0,302.4,2.52,1.1,4,0,0,4.36,-0.24,1.16,1.8,-2.5,5,0.17,248,159,10.84,1,1,1.0,2.08,0.0,13.0,0.0,7.0,2.0,002431_20250901,72,10.0%,6.2,2.1,3,-0.0308,0,0,0,-0.00390625000000009,-0.07031250000000006,-0.03125000000000003
230,002484,20250901,20250902,20250905,0,15,11,2,5642.6,36.64,17.7,2,1,0,7.39,0.53,1.86,1.49,9.76,5,1.0,248,159,10.84,1,1,2.0,1.29,1.0,22.0,0.0,5.0,2.0,002484_20250901,70,10.0%,4.8,1.2,3,-0.12119999999999999,0,0,0,-0.04972826086956517,-0.16657608695652162,-0.07391304347826085
231,002654,20250901,20250902,20250905,0,10,6,2,1992.5,13.99,7.2,5,0,0,1.02,0.56,0.89,0.88,2.91,6,0.43,248,159,10.84,1,1,2.0,0.82,0.0,27.0,0.0,3.0,1.0,002654_20250901,75,10.0%,2.2,2.2,3,-0.054400000000000004,0,0,0,-0.02181818181818187,-0.13454545454545452,-0.06836363636363632
232,600531,20250901,20250902,20250905,0,12,2,0,1066.8,9.91,3.8,1,1,0,5.54,0.79,1.37,1.09,5.26,5,0.69,248,159,10.84,1,1,2.0,3.87,1.0,13.0,0.0,2.0,2.0,600531_20250901,80,10.0%,6.2,2.4,3,-0.022099999999999998,0,0,0,0.039254170755642824,-0.05888125613346415,-0.008832188420019614
233,603333,20250901,20250902,20250905,0,4,2,0,388.4,8.79,1.5,6,0,0,-0.1,-0.11,1.01,1.07,-1.51,4,0.18,248,159,10.84,1,1,1.0,2.08,0.0,13.0,0.0,7.0,2.0,603333_20250901,65,10.0%,0.1,1.2,3,0.0403,0,1,0,0.0820224719101124,-0.04606741573033709,-0.01573033707865175
234,605289,20250901,20250902,20250905,0,20,7,1,834.7,53.03,2.7,1,1,0,9.84,2.77,1.4,3.43,17.72,5,0.69,248,159,10.84,1,1,1.0,1.24,0.0,9.0,0.0,7.0,1.0,605289_20250901,75,10.0%,8.9,1.1,3,-0.1496,0,0,0,-0.015135135135135197,-0.21801801801801804,-0.07207207207207207
235,002263,20250902,20250903,20250908,1,11,3,0,1417.9,4.03,5.1,5,0,0,-2.5,-0.52,0.92,1.4,0.26,2,0.6,102,69,10.58,1,1,1.0,2.08,0.0,13.0,0.0,7.0,2.0,002263_20250902,82,10.1%,11.0,3.3,3,0.0635,1,1,1,0.0942928039702233,-0.06451612903225812,-0.004962779156327658
236,002975,20250903,20250904,20250909,0,23,8,2,1610.8,63.89,5.0,3,1,0,-9.41,1.57,0.54,3.73,19.6,5,1.0,69,56,11.67,0,1,1.0,-2.05,0.0,15.0,0.0,8.0,2.0,002975_20250903,80,10.0%,2.5,4.1,3,-0.1435,0,0,0,-0.02073095823095825,-0.15218058968058973,-0.08476658476658482
237,601929,20250903,20250904,20250909,0,17,1,0,10101.7,5.53,28.7,5,1,0,-1.84,3.94,0.77,1.87,35.8,7,0.8,69,56,11.67,0,1,1.0,2.08,0.0,13.0,0.0,7.0,2.0,601929_20250903,75,9.9%,2.0,2.5,3,0.0706,1,1,0,0.08703703703703698,-0.1666666666666667,0.009259259259259226
238,601116,20250904,20250905,20250912,1,13,1,0,559.6,12.73,2.1,3,0,3,23.8,1.08,4.5,5.57,8.36,4,0.46,84,57,11.04,0,1,1.0,2.08,0.0,13.0,0.0,7.0,2.0,601116_20250904,74,7.5%,1.5,3.3,5,0.33039999999999997,1,1,1,0.41129032258064513,-0.03064516129032264,-0.016129032258064602
239,603127,20250905,20250908,20250911,1,12,4,2,2986.0,34.01,11.3,3,0,0,5.39,0.11,1.2,0.94,-0.19,5,0.35,417,205,10.6,3,1,1.0,2.08,0.0,13.0,0.0,7.0,2.0,603127_20250905,80,10.0%,5.3,2.0,3,-0.0167,0,0,1,0.01605504587155949,-0.08314220183486244,-0.07626146788990835
240,002971,20250908,20250909,20250912,0,16,13,2,350.9,32.96,1.2,1,1,1,5.25,0.79,1.61,1.95,12.28,6,1.0,191,105,10.18,1,1,4.0,2.47,1.0,39.0,1.0,1.0,1.0,002971_20250908,74,8.1%,2.9,2.5,3,-0.055,0,0,0,-0.007048728164266134,-0.054857493104505134,-0.035550107263254783
241,600173,20250908,20250909,20250911,1,12,1,0,314.7,6.94,1.2,2,0,0,16.41,-0.12,3.43,1.44,-3.62,3,0.34,191,105,10.18,1,1,1.0,2.08,0.0,13.0,0.0,7.0,2.0,600173_20250908,75,10.0%,2.5,2.5,2,0.22870000000000001,1,1,1,0.2909090909090909,0.05034965034965027,0.17342657342657344
242,605298,20250908,20250909,20250915,1,17,2,0,998.5,39.93,2.7,3,1,0,-3.31,3.94,0.82,0.79,37.82,8,1.0,191,105,10.18,1,1,1.0,2.08,0.0,13.0,0.0,7.0,2.0,605298_20250908,80,10.0%,8.0,1.9,4,0.1356,1,1,1,0.19005847953216384,-0.057017543859649036,0.04751461988304101
243,001332,20250909,20250910,20250915,0,9,2,0,244.9,46.05,0.9,2,1,0,5.12,0.52,1.61,1.68,9.56,4,1.0,92,67,10.2,1,1,1.0,2.08,0.0,13.0,0.0,7.0,2.0,001332_20250909,90,10.0%,7.2,6.7,3,0.0695,1,1,0,0.134020618556701,-0.052204430796227295,0.0418951524457117
244,603978,20250909,20250910,20250912,1,13,1,0,386.3,18.82,1.4,2,0,0,-4.78,-0.45,1.0,0.9,-2.62,4,0.68,92,67,10.2,1,1,1.0,2.08,0.0,13.0,0.0,7.0,2.0,603978_20250909,80,10.0%,5.4,3.0,2,0.1216,1,1,1,0.18278995189738098,0.027258150721539177,0.12987707108498128
245,603222,20250911,20250912,20250917,0,18,4,4,3528.2,14.06,11.1,5,1,0,-2.0,0.82,1.07,0.74,17.8,6,0.9,267,147,9.97,1,1,1.0,1.83,0.0,8.0,0.0,20.0,1.0,603222_20250911,80,10.0%,1.4,3.4,3,-0.0639,0,0,0,0.0021321961620468627,-0.08315565031982942,-0.0412224591329069
246,603861,20250911,20250912,20250917,0,13,5,3,580.0,11.2,2.1,2,0,0,-8.34,-0.16,0.57,0.61,-1.71,6,0.2,267,147,9.97,1,1,1.0,2.11,1.0,22.0,0.0,12.0,1.0,603861_20250911,75,10.0%,1.5,2.5,3,-0.0323,0,0,0,-0.018324607329843003,-0.05497382198952886,-0.03926701570680637
247,002491,20250912,20250915,20250918,0,24,8,1,1157.9,6.62,4.0,2,1,0,5.35,0.47,1.1,1.56,7.83,5,1.0,145,101,10.68,1,1,3.0,2.24,1.0,21.0,1.0,1.0,2.0,002491_20250912,85,10.0%,7.0,2.5,3,-0.1211,0,0,0,-0.040638606676342434,-0.1320754716981131,-0.07692307692307683
248,601929,20250912,20250915,20250918,0,17,1,0,12547.9,6.25,37.6,5,1,7,3.62,2.35,1.07,1.08,25.83,7,0.86,145,101,10.68,1,1,1.0,2.08,0.0,13.0,0.0,7.0,2.0,601929_20250912,79,8.3%,3.0,3.1,3,-0.1778,0,0,0,0.011513157894736888,-0.17763157894736842,-0.03453947368421052
249,603228,20250912,20250915,20250918,0,9,2,0,7290.4,68.97,25.0,3,1,0,-3.34,-0.62,0.92,0.84,0.05,4,0.85,145,101,10.68,1,1,1.0,2.08,0.0,13.0,0.0,7.0,2.0,603228_20250912,80,10.0%,5.5,2.3,3,0.057300000000000004,1,1,0,0.10047846889952163,-0.006959547629404147,0.04378715383500067
250,000572,20250915,20250916,20250919,0,15,1,1,1110.3,5.4,4.0,3,0,0,-3.21,-0.07,0.9,0.73,0.28,4,0.53,141,97,10.29,1,1,1.0,9.98,0.0,1.0,0.0,9.0,2.0,000572_20250915,65,10.0%,0.6,1.1,3,0.0171,0,1,0,0.06542056074766366,-0.042990654205607395,-0.020560747663551298
251,002310,20250915,20250916,20250919,0,12,3,2,719.8,2.67,2.5,1,1,0,-4.52,0.01,0.84,0.75,2.2,6,0.85,141,97,10.29,1,1,2.0,2.39,0.0,13.0,0.0,3.0,3.0,002310_20250915,70,9.9%,1.3,1.7,3,-0.08380000000000001,0,0,0,0.025547445255474394,-0.08759124087591248,-0.0072992700729927066
252,002703,20250915,20250916,20250919,0,12,2,0,733.0,13.51,2.7,2,0,0,-3.13,0.18,0.9,0.67,-0.05,5,0.66,141,97,10.29,1,1,1.0,2.08,0.0,13.0,0.0,7.0,2.0,002703_20250915,65,10.0%,3.9,1.4,3,-0.0368,0,0,0,0.05403404885270174,-0.042931162102146564,0.034048852701702506
253,603278,20250915,20250916,20250919,0,17,6,1,473.0,11.94,1.7,6,0,0,11.25,0.56,1.89,1.49,6.44,6,0.68,141,97,10.29,1,1,3.0,0.27,1.0,46.0,1.0,1.0,2.0,603278_20250915,75,10.1%,2.6,2.1,3,-0.0405,0,0,0,0.02321582115219257,-0.047291487532244256,-0.006878761822871888
254,603335,20250915,20250916,20250919,0,11,7,3,336.3,5.83,1.2,2,0,0,19.31,1.04,4.23,3.76,5.35,6,0.43,141,97,10.29,1,1,2.0,0.69,1.0,46.0,0.0,4.0,2.0,603335_20250915,70,10.0%,4.7,1.4,3,-0.0187,0,0,0,0.05922165820642972,-0.050761421319796926,0.006768189509306266
255,603316,20250916,20250917,20250922,0,17,6,0,882.9,11.45,3.0,6,0,0,3.57,1.26,1.89,2.19,8.97,5,0.57,182,114,10.41,2,1,1.0,2.08,0.0,13.0,0.0,7.0,2.0,603316_20250916,65,10.0%,2.4,1.3,3,0.0316,0,1,0,0.13321332133213326,-0.003600360036003524,0.10621062106210619
256,603936,20250916,20250917,20250922,0,9,6,0,2657.5,14.52,8.7,1,1,0,1.78,1.52,1.31,1.18,14.56,6,0.91,182,114,10.41,2,1,1.0,2.08,0.0,13.0,0.0,7.0,2.0,603936_20250916,80,10.0%,4.2,2.8,3,-0.0524,0,0,0,0.05165289256198347,-0.05991735537190077,-0.01584022038567496
257,002202,20250917,20250918,20250923,0,13,2,2,3873.8,13.23,14.0,2,1,8,-0.82,0.92,0.82,0.48,8.58,3,0.74,145,106,10.78,2,1,0.0,3.39,1.0,4.0,0.0,77.0,0.0,002202_20250917,79,7.5%,3.3,3.0,3,-0.0058,0,0,0,0.06311787072243347,-0.01749049429657798,0.04258555133079851
258,600337,20250917,20250918,20250924,1,14,0,0,304.4,2.45,1.0,3,0,0,-1.45,1.25,0.92,1.0,11.5,8,0.96,145,106,10.78,2,1,1.0,2.08,0.0,13.0,0.0,7.0,2.0,600337_20250917,85,9.9%,9.1,2.4,4,-0.0593,0,0,1,0.15139442231075712,-0.1274900398406374,-0.031872509960159216
259,600537,20250917,20250918,20250923,0,14,1,0,1006.4,4.36,3.5,2,1,0,3.5,0.48,1.28,1.23,8.88,6,0.74,145,106,10.78,2,1,1.0,2.08,0.0,13.0,0.0,7.0,2.0,600537_20250917,75,10.1%,10.4,1.5,3,-0.1632,0,0,0,-0.039387308533916976,-0.17505470459518604,-0.08971553610503284
260,001389,20250918,20250919,20250924,0,15,4,2,2579.2,84.33,8.9,2,1,0,2.28,1.81,0.95,1.23,16.45,5,0.88,115,75,10.69,0,1,1.0,0.14,1.0,22.0,0.0,5.0,2.0,001389_20250918,80,10.0%,5.2,2.2,3,-0.058499999999999996,0,0,0,0.016075324377081084,-0.08806981283729477,-0.02262027787346422
261,600651,20250918,20250919,20250924,0,11,0,0,2547.9,9.8,8.1,2,1,0,6.34,2.24,1.61,2.66,22.18,6,1.0,115,75,10.69,0,1,1.0,2.08,0.0,13.0,0.0,7.0,2.0,600651_20250918,75,10.0%,2.5,2.9,3,-0.0662,0,0,0,0.003134796238244447,-0.09090909090909101,-0.0522466039707419
262,600869,20250918,20250919,20250924,0,16,7,0,2110.9,8.18,7.3,1,1,0,-2.36,0.56,1.02,0.89,12.13,4,0.81,115,75,10.69,0,1,1.0,-0.63,0.0,22.0,0.0,6.0,3.0,600869_20250918,90,9.9%,6.5,3.0,3,-0.025099999999999997,0,0,0,-0.020432692307692298,-0.09615384615384624,-0.07812500000000004
263,002654,20250922,20250923,20250926,0,10,6,2,3640.5,15.82,12.7,5,0,0,7.46,1.08,1.21,0.85,7.97,6,0.8,188,120,10.56,0,1,1.0,0.06,1.0,27.0,0.0,9.0,2.0,002654_20250922,85,10.0%,4.8,3.5,3,0.0682,1,1,0,0.12674187126741873,-0.015925680159256817,0.033178500331785
264,603011,20250922,20250923,20250926,1,15,7,0,2896.5,18.66,10.5,3,0,0,-3.53,-0.11,0.78,0.5,0.8,4,0.52,188,120,10.56,0,1,1.0,2.08,0.0,13.0,0.0,7.0,2.0,603011_20250922,65,10.0%,0.3,1.4,3,-0.0207,0,0,1,0.1314655172413794,-0.04094827586206886,-0.017780172413793014
265,002674,20250923,20250924,20250929,0,19,10,7,569.4,17.11,1.9,2,1,0,-0.66,1.05,0.86,1.33,6.18,5,0.61,94,69,10.62,0,1,2.0,1.63,0.0,8.0,0.0,3.0,2.0,002674_20250923,80,10.0%,6.0,2.5,3,-0.054400000000000004,0,0,0,0.0722543352601156,-0.05722543352601167,0.01271676300578028
266,603178,20250923,20250924,20250929,0,11,5,3,676.6,21.75,2.5,2,0,13,-4.87,-0.29,0.78,1.28,-3.66,5,0.32,94,69,10.62,0,1,2.0,0.16,0.0,47.0,0.0,1.0,2.0,603178_20250923,79,7.3%,3.2,3.6,3,-0.0101,0,0,0,0.034889203206034815,-0.02734559170202743,-0.009900990099009941
267,002632,20250924,20250925,20250930,0,11,3,3,781.3,11.18,2.9,1,1,0,8.58,0.43,1.15,1.61,-0.51,4,0.3,182,113,10.28,3,1,1.0,2.12,0.0,21.0,0.0,14.0,1.0,002632_20250924,65,10.0%,0.7,1.3,3,-0.07440000000000001,0,0,0,-0.03501280956447482,-0.09735269000853976,-0.08539709649871904
268,605055,20250924,20250925,20250930,0,10,3,1,606.0,10.51,2.0,5,0,0,-3.17,0.42,0.72,0.86,11.03,5,1.0,182,113,10.28,3,1,1.0,2.01,0.0,8.0,0.0,16.0,3.0,605055_20250924,75,10.1%,5.3,1.9,3,-0.013300000000000001,0,0,0,0.05392156862745105,-0.07843137254901951,-0.020588235294117557
269,603226,20250925,20250926,20251010,0,5,2,1,601.6,35.23,1.9,5,1,3,0.14,1.1,1.36,1.78,14.8,3,0.93,90,61,10.27,0,1,0.0,-0.61,0.0,13.0,0.0,91.0,1.0,603226_20250925,64,7.2%,0.6,1.5,10,0.22219999999999998,1,1,0,0.2328494164531739,-0.002846569883290675,0.07173356105892388
270,605277,20250925,20250926,20251010,0,8,2,1,1315.1,26.8,4.9,3,0,0,-6.95,-0.74,1.01,0.82,-9.06,3,0.19,90,61,10.27,0,1,1.0,1.09,1.0,15.0,0.0,3.0,2.0,605277_20250925,65,10.0%,3.2,1.2,10,-0.1035,0,0,0,-0.011956521739130501,-0.11231884057971019,-0.04637681159420294
271,002208,20250926,20250929,20251015,1,24,9,3,382.1,7.77,1.4,5,0,0,12.89,-0.2,2.43,2.17,2.33,4,0.87,83,62,10.88,0,1,1.0,-0.14,0.0,14.0,0.0,3.0,1.0,002208_20250926,80,10.1%,5.2,2.0,12,0.3823,1,1,1,0.5806451612903226,-0.0451612903225806,0.006451612903225784
272,600769,20250926,20250929,20251010,0,11,6,1,340.6,13.5,1.2,2,0,0,7.49,0.49,2.06,2.4,10.05,4,1.0,83,62,10.88,0,1,1.0,1.61,0.0,11.0,0.0,4.0,3.0,600769_20250926,90,10.0%,7.1,5.5,9,0.0424,0,1,0,0.0738724727838259,-0.03576982892690506,-0.008553654743390314
273,000603,20250929,20250930,20251010,0,11,2,2,2372.5,25.66,7.8,1,1,0,-4.28,0.85,0.8,0.89,4.79,5,0.87,146,87,10.37,0,1,1.0,4.85,0.0,7.0,0.0,6.0,1.0,000603_20250929,70,10.0%,0.3,1.7,8,0.0446,0,1,0,0.11730769230769234,0.030769230769230795,0.10000000000000006
274,600783,20250929,20250930,20251010,0,16,3,2,297.2,14.0,1.1,2,0,0,0.63,-0.05,0.99,1.85,0.75,4,0.66,146,87,10.37,0,1,1.0,0.73,0.0,46.0,0.0,8.0,1.0,600783_20250929,90,10.0%,8.2,5.3,8,0.023399999999999997,0,1,0,0.034231609613983895,-0.013109978150036396,0.0043699927166787125
275,603286,20250929,20250930,20251010,0,15,4,3,1341.4,45.96,4.5,2,1,0,-1.53,2.03,0.75,0.88,19.35,5,0.59,146,87,10.37,0,1,1.0,0.41,1.0,46.0,0.0,7.0,1.0,603286_20250929,70,10.0%,5.4,1.0,8,0.042800000000000005,0,1,0,0.12033195020746884,-0.04345927058309679,0.06639004149377592
276,002052,20251010,20251013,20251016,0,11,2,1,2351.6,16.9,8.6,3,0,0,-0.9,1.05,0.72,1.15,10.19,5,0.45,103,71,10.13,0,1,1.0,1.18,1.0,9.0,0.0,13.0,1.0,002052_20251010,70,10.0%,0.3,1.8,3,-0.0016,0,0,0,0.1008089607965153,-0.012445550715619232,0.03733665214685759
277,002885,20251010,20251013,20251017,1,17,5,0,942.9,20.52,3.2,1,1,0,2.7,2.42,0.62,1.07,16.59,6,0.71,103,71,10.13,0,1,1.0,-1.3,0.0,9.0,0.0,9.0,1.0,002885_20251010,70,10.0%,0.3,2.0,4,0.2404,1,1,1,0.36632653061224485,0.07755102040816324,0.10714285714285703
278,605169,20251010,20251013,20251016,0,11,1,0,293.1,16.06,1.1,4,0,0,-7.31,-0.8,0.56,0.8,-0.2,4,0.23,103,71,10.13,0,1,1.0,2.08,0.0,13.0,0.0,7.0,2.0,605169_20251010,62,10.0%,4.0,1.6,3,0.0285,0,1,0,0.1279799247176914,0.02383939774153079,0.12735257214554577
279,605318,20251010,20251013,20251017,1,15,4,1,278.0,45.98,0.9,1,1,100,5.12,1.86,1.55,1.42,19.19,6,0.94,103,71,10.13,0,1,0.0,2.36,0.0,4.0,0.0,86.0,1.0,605318_20251010,59,7.2%,0.6,1.2,4,0.20370000000000002,1,1,1,0.3085130028895309,0.033563014003111756,0.1262502778395199
280,002082,20251013,20251014,20251017,0,17,0,0,1051.9,14.4,3.3,3,1,1,2.11,1.54,1.37,2.57,18.11,5,1.0,154,103,11.01,0,1,1.0,2.08,0.0,13.0,0.0,7.0,2.0,002082_20251013,74,7.2%,6.1,1.9,3,0.058499999999999996,1,1,0,0.1601671309192201,0.0027855153203343265,0.04108635097493035
281,002952,20251013,20251014,20251017,0,9,1,0,138.8,21.03,0.5,1,0,0,4.51,-0.38,1.53,0.85,-1.85,4,0.52,154,103,11.01,0,1,1.0,2.08,0.0,13.0,0.0,7.0,2.0,002952_20251013,75,10.0%,6.9,1.7,3,-0.019299999999999998,0,0,0,0.137947050627032,-0.0664189503019043,0.003251277287505819
282,002040,20251014,20251015,20251020,0,8,1,0,1178.3,12.5,4.0,5,0,0,-7.42,-0.19,0.67,0.65,15.73,5,0.72,71,46,9.89,0,1,1.0,2.08,0.0,13.0,0.0,7.0,2.0,002040_20251014,67,10.0%,1.5,2.8,3,-0.0187,0,0,0,0.08959999999999994,-0.07599999999999994,0.0031999999999999316
283,600868,20251014,20251015,20251020,0,13,1,0,528.7,3.33,1.9,3,0,0,21.46,0.6,3.52,2.47,9.16,4,1.0,71,46,9.89,0,1,1.0,2.08,0.0,13.0,0.0,7.0,2.0,600868_20251014,85,9.9%,8.1,2.5,3,-0.0793,0,0,0,0.015151515151515233,-0.08181818181818183,-0.02424242424242413
284,600481,20251015,20251016,20251021,0,10,3,1,1293.9,6.97,4.6,6,0,0,7.45,0.71,1.47,0.96,10.23,5,0.81,160,102,10.3,1,1,2.0,3.62,0.0,8.0,0.0,3.0,1.0,600481_20251015,75,9.9%,4.4,1.9,3,-0.0659,0,0,0,-0.017021276595744695,-0.10212765957446805,-0.06808510638297866
285,603725,20251015,20251016,20251021,0,9,6,4,280.2,10.97,1.0,1,0,0,-7.84,0.49,0.94,1.0,6.09,7,0.73,160,102,10.3,1,1,1.0,1.69,0.0,13.0,0.0,16.0,1.0,603725_20251015,70,10.0%,2.1,1.7,3,-0.0371,0,0,0,-0.009999999999999948,-0.06454545454545463,-0.0554545454545454
286,002040,20251016,20251017,20251022,0,8,1,0,1404.1,12.54,4.9,5,0,2,3.69,0.61,1.77,1.35,-1.37,4,0.66,74,51,9.97,0,1,1.0,2.08,0.0,13.0,0.0,7.0,2.0,002040_20251016,69,8.0%,1.2,2.6,3,-0.0545,0,0,0,0.04362139917695468,-0.0534979423868313,0.013168724279835403
287,603178,20251016,20251017,20251022,0,11,5,3,657.5,21.45,2.6,2,0,0,-15.31,-1.28,0.45,1.3,-9.46,3,0.24,74,51,9.97,0,1,1.0,-0.97,0.0,47.0,0.0,7.0,1.0,603178_20251016,67,10.0%,0.7,2.3,3,-0.052300000000000006,0,0,0,-0.0013953488372093553,-0.05162790697674416,-0.0167441860465116
288,603861,20251020,20251021,20251024,0,13,5,3,859.7,13.44,2.9,2,1,0,25.12,1.83,4.8,3.9,16.67,7,0.67,148,101,10.4,1,1,1.0,2.42,0.0,22.0,0.0,13.0,1.0,603861_20251020,80,10.0%,4.8,2.7,3,-0.1191,0,0,0,-0.05856189770200155,-0.14455151964418095,-0.09710896960711642
289,000509,20251021,20251022,20251027,0,14,6,0,263.8,3.45,1.0,1,0,0,-5.48,-0.65,0.69,0.67,-4.86,3,0.4,171,106,10.45,2,1,1.0,2.08,0.0,13.0,0.0,7.0,2.0,000509_20251021,72,9.9%,4.3,4.3,3,0.0078000000000000005,0,1,0,0.18413597733711046,-0.039660056657223705,0.048158640226629
290,000838,20251021,20251022,20251027,0,10,2,2,320.0,2.99,1.2,1,0,0,11.41,1.13,1.13,1.13,5.77,5,0.47,171,106,10.45,2,1,1.0,2.08,0.0,13.0,0.0,7.0,2.0,000838_20251021,75,9.9%,5.0,1.8,3,-0.0434,0,0,0,0.029900332225913723,-0.04651162790697664,-0.006644518272425108
291,002961,20251021,20251022,20251027,0,8,1,0,317.1,22.48,1.2,2,0,0,-10.78,-0.44,0.59,0.59,-2.14,4,0.35,171,106,10.45,2,1,1.0,2.08,0.0,13.0,0.0,7.0,2.0,002961_20251021,67,10.0%,8.1,1.3,3,0.0406,0,1,0,0.08772727272727271,-0.0222727272727272,0.05136363636363632
292,600815,20251021,20251022,20251027,0,17,4,1,283.4,3.15,1.0,2,0,0,16.74,0.47,2.5,1.82,4.75,6,0.77,171,106,10.45,2,1,1.0,2.55,0.0,8.0,0.0,10.0,1.0,600815_20251021,85,10.1%,5.0,4.2,3,-0.013000000000000001,0,0,0,0.025316455696202552,-0.05696202531645574,-0.02848101265822794
293,601106,20251021,20251022,20251027,0,12,1,0,536.5,3.3,2.0,1,0,100,-0.89,0.29,0.78,0.59,4.61,3,0.65,171,106,10.45,2,1,1.0,2.08,0.0,13.0,0.0,7.0,2.0,601106_20251021,74,7.1%,0.9,3.8,3,0.048799999999999996,0,1,0,0.0861538461538461,-0.02153846153846149,0.01538461538461533
294,603686,20251021,20251022,20251027,0,13,0,0,4740.2,25.11,17.9,4,0,0,-2.18,0.79,0.79,0.9,5.08,5,0.33,171,106,10.45,2,1,1.0,2.08,0.0,13.0,0.0,7.0,2.0,603686_20251021,65,10.0%,3.5,1.3,3,-0.0091,0,0,0,0.04680000000000007,-0.09,-0.06799999999999998
295,002828,20251022,20251023,20251028,0,10,4,3,601.2,12.42,2.1,4,0,0,14.86,0.69,2.45,1.69,8.7,6,0.97,101,75,10.42,0,1,1.0,5.8,0.0,2.0,0.0,10.0,3.0,002828_20251022,75,10.0%,2.5,2.8,3,-0.078,0,0,0,0.0,-0.10526315789473675,-0.0793522267206478
296,002957,20251022,20251023,20251028,0,14,4,0,1402.9,22.44,5.0,1,1,0,1.41,0.08,0.82,1.0,6.52,4,0.68,101,75,10.42,0,1,1.0,2.08,0.0,13.0,0.0,7.0,2.0,002957_20251022,80,10.0%,2.7,3.5,3,-0.005600000000000001,0,0,0,0.010256410256410341,-0.09829059829059818,-0.046581196581196575
297,002240,20251023,20251024,20251029,0,15,4,1,2574.8,21.95,9.1,1,1,0,1.63,0.1,1.1,0.95,1.28,5,0.67,101,71,10.48,0,1,1.0,5.99,1.0,4.0,0.0,11.0,2.0,002240_20251023,90,10.0%,6.6,3.8,3,0.0771,1,1,0,0.08838268792710713,-0.014123006833712926,0.02414578587699322
298,603163,20251023,20251024,20251029,0,29,4,2,383.4,46.59,1.5,2,0,0,-5.2,-0.52,0.82,0.47,-7.7,5,0.21,101,71,10.48,0,1,2.0,1.8,0.0,9.0,0.0,1.0,2.0,603163_20251023,80,10.0%,8.8,1.6,3,0.0339,0,1,0,0.09723991507430994,-0.052016985138004304,-0.036093418259023416
299,000636,20251024,20251027,20251030,0,14,9,2,1452.9,17.41,5.3,1,1,0,-1.99,-0.0,0.79,0.75,1.5,5,0.71,156,94,10.22,1,1,5.0,4.5,1.0,22.0,1.0,1.0,1.0,000636_20251024,80,10.0%,4.2,5.5,3,-0.0506,0,0,0,0.03388856978747845,-0.05169442848937384,-0.01895462377943721
300,002682,20251024,20251027,20251030,0,15,0,0,222.5,5.3,0.8,1,0,0,8.63,0.81,1.77,1.46,7.19,7,0.91,156,94,10.22,1,1,1.0,2.08,0.0,13.0,0.0,7.0,2.0,002682_20251024,70,10.0%,6.5,1.3,3,-0.1193,0,0,0,0.0036764705882352156,-0.11764705882352951,-0.007352941176470594
301,603178,20251024,20251027,20251030,0,11,5,3,791.6,22.88,2.9,2,0,0,8.23,0.73,1.01,0.73,2.77,5,0.66,156,94,10.22,1,1,1.0,1.17,0.0,47.0,0.0,9.0,1.0,603178_20251024,85,10.0%,6.8,3.0,3,-0.1506,0,0,0,-0.06932773109243706,-0.14747899159663871,-0.09873949579831938
302,000657,20251027,20251028,20251030,1,16,5,0,3296.5,20.46,11.9,1,0,100,2.27,-0.25,1.31,0.79,-2.28,5,0.69,156,90,10.06,0,1,2.0,5.19,1.0,9.0,0.0,2.0,2.0,000657_20251027,79,8.0%,6.0,2.3,2,0.20739999999999997,1,1,1,0.25093109869646185,0.11499068901303533,0.15270018621973935
303,001267,20251027,20251028,20251031,0,22,3,0,2476.4,21.57,8.2,2,1,0,14.43,3.32,2.74,1.91,24.68,6,0.99,156,90,10.06,0,1,1.0,2.08,0.0,13.0,0.0,7.0,2.0,001267_20251027,75,10.0%,0.5,2.8,3,-0.1748,0,0,0,-0.0026833631484793705,-0.17710196779964227,-0.055008944543828285
304,600183,20251027,20251028,20251031,0,12,7,1,7979.7,64.35,28.5,1,1,0,-3.06,-0.19,0.82,0.7,3.09,4,0.56,156,90,10.06,0,1,1.0,2.08,0.0,13.0,0.0,7.0,2.0,600183_20251027,70,10.0%,2.9,1.6,3,0.0004,0,1,0,0.12396565183450427,-0.0039032006245121,0.08227946916471501
305,601231,20251027,20251028,20251031,0,13,1,0,2220.6,26.2,7.4,2,1,0,5.94,1.49,1.62,1.93,15.51,6,1.0,156,90,10.06,0,1,1.0,2.08,0.0,13.0,0.0,7.0,2.0,601231_20251027,85,10.0%,6.8,3.0,3,-0.0805,0,0,0,0.04214559386973172,-0.08122605363984678,0.003065134099616793
306,000753,20251028,20251029,20251103,0,12,0,0,1105.1,8.88,3.8,7,1,0,-3.0,-0.29,1.01,1.03,4.77,4,0.92,110,79,10.49,0,1,1.0,2.08,0.0,13.0,0.0,7.0,2.0,000753_20251028,75,10.0%,2.8,2.6,3,-0.0736,0,0,0,-0.032258064516129135,-0.11012235817575086,-0.10344827586206894
307,000962,20251028,20251029,20251103,0,15,4,1,2447.1,34.5,8.0,2,1,1,2.34,1.19,1.35,1.57,13.66,4,1.0,110,79,10.49,0,1,1.0,1.73,1.0,9.0,0.0,8.0,3.0,000962_20251028,79,8.2%,6.2,2.4,3,-0.1336,0,0,0,-0.0060869565217391555,-0.16173913043478255,-0.041449275362318835
308,002474,20251028,20251029,20251103,0,13,2,0,1324.6,8.56,4.7,1,0,0,-0.47,0.25,1.36,1.2,6.83,4,0.53,110,79,10.49,0,1,1.0,2.08,0.0,13.0,0.0,7.0,2.0,002474_20251028,75,10.0%,4.0,2.1,3,0.051399999999999994,1,1,0,0.05853658536585372,-0.03414634146341456,-0.019512195121951237
309,603186,20251028,20251029,20251103,0,15,9,1,1358.0,51.24,4.6,1,1,0,-0.42,0.64,1.06,0.97,7.28,6,0.83,110,79,10.49,0,1,1.0,2.08,0.0,13.0,0.0,7.0,2.0,603186_20251028,70,10.0%,4.4,1.3,3,-0.1315,0,0,0,-0.05042174320524845,-0.14826616682286792,-0.10534208059981263
310,002163,20251029,20251030,20251104,1,12,0,0,1323.6,11.99,4.7,2,0,0,-7.88,0.09,0.57,0.47,5.23,6,0.58,206,108,10.32,1,1,1.0,2.08,0.0,13.0,0.0,7.0,2.0,002163_20251029,65,10.0%,0.9,1.1,3,0.2492,1,1,1,0.3135946622185154,0.011676396997497961,0.08924103419516266
311,603067,20251030,20251031,20251105,1,17,7,3,1575.6,23.98,5.1,2,1,0,13.14,2.25,2.03,1.58,22.98,7,1.0,92,71,10.56,0,1,1.0,0.98,0.0,15.0,0.0,3.0,3.0,603067_20251030,80,10.0%,1.2,3.4,3,0.25129999999999997,1,1,1,0.28732276897414516,0.009174311926605457,0.06380316930775651
312,002317,20251031,20251103,20251106,0,10,5,2,1979.1,19.32,7.3,2,0,0,-12.11,-0.33,0.45,0.39,1.06,5,0.16,159,89,10.01,1,1,1.0,3.45,0.0,7.0,0.0,15.0,0.0,002317_20251031,57,10.0%,0.1,1.4,3,-0.0159,0,0,0,0.025373134328358107,-0.038308457711442936,-0.017910447761194177
313,002407,20251031,20251103,20251106,0,15,7,3,12379.4,28.4,38.3,2,1,3,6.78,2.76,1.53,2.25,28.35,6,0.94,159,89,10.01,1,1,1.0,1.76,1.0,39.0,0.0,13.0,2.0,002407_20251031,84,7.2%,3.5,4.6,3,0.0446,0,1,0,0.06321839080459776,-0.060344827586206885,-0.00035919540229890673
314,600666,20251031,20251103,20251106,0,15,2,0,694.6,3.56,2.7,3,0,0,-2.99,-0.44,0.94,1.27,-6.15,3,0.0,159,89,10.01,1,1,1.0,2.08,0.0,13.0,0.0,7.0,2.0,600666_20251031,62,9.9%,6.8,1.3,3,0.0298,0,1,0,0.052777777777777764,0.00833333333333328,0.03333333333333336
315,603001,20251031,20251103,20251106,0,13,5,2,154.6,9.01,0.6,2,0,0,1.23,-0.15,1.14,1.12,-0.26,4,0.11,159,89,10.01,1,1,1.0,2.47,0.0,7.0,0.0,14.0,0.0,603001_20251031,75,10.0%,4.0,2.4,3,-0.0336,0,0,0,0.06688963210702337,-0.04459308807134898,0.012263099219620894
316,002718,20251103,20251104,20251107,0,18,3,1,211.3,26.96,0.8,2,1,24,-4.1,0.02,0.5,0.68,5.92,6,0.5,144,94,10.39,1,1,1.0,2.08,0.0,13.0,0.0,7.0,2.0,002718_20251103,51,7.2%,0.4,1.3,3,0.0567,1,1,0,0.09823108769288669,-0.005269100489273639,0.02822732404968009
317,600667,20251103,20251104,20251107,0,15,9,4,4172.3,9.54,15.2,2,1,0,-0.11,0.49,0.85,0.46,7.6,4,0.54,144,94,10.39,1,1,1.0,3.71,1.0,2.0,0.0,22.0,1.0,600667_20251103,80,10.0%,0.5,6.2,3,-0.010700000000000001,0,0,0,0.06960081883316271,-0.08700102354145339,-0.02661207778915044
318,600759,20251103,20251104,20251106,1,22,3,3,1275.8,2.61,4.7,2,0,0,-7.21,-0.55,0.77,0.53,-1.5,4,0.19,144,94,10.39,1,1,1.0,2.08,0.0,13.0,0.0,7.0,2.0,600759_20251103,67,10.1%,1.2,2.4,2,0.0274,0,1,1,0.0888030888030888,-0.003861003861003779,0.0888030888030888
319,603629,20251103,20251104,20251107,0,22,7,0,682.8,29.45,2.3,2,0,0,9.95,1.2,1.67,4.16,15.74,8,1.0,144,94,10.39,1,1,1.0,0.64,0.0,15.0,0.0,2.0,1.0,603629_20251103,85,10.0%,7.3,2.0,3,-0.0178,0,0,0,0.03837011884550082,-0.04210526315789469,0.03361629881154506
320,605598,20251103,20251104,20251110,1,21,3,2,672.8,33.18,2.4,3,1,0,3.76,0.44,0.85,0.83,0.38,4,0.5,144,94,10.39,1,1,3.0,2.74,0.0,9.0,1.0,1.0,2.0,605598_20251103,65,10.0%,3.1,1.4,4,0.0874,1,1,1,0.19897959183673478,-0.06662665066026408,-0.04801920768307327
321,002112,20251104,20251105,20251110,0,11,0,0,632.5,14.55,2.4,2,0,100,10.28,0.26,1.22,2.38,3.38,5,0.7,83,61,10.26,0,1,1.0,2.08,0.0,13.0,0.0,7.0,2.0,002112_20251104,84,7.3%,6.5,4.1,3,0.1361,1,1,0,0.17484450587422248,0.04699378023496888,0.08085694540428472
322,600302,20251104,20251105,20251110,0,10,0,0,603.2,11.1,1.9,3,1,0,21.22,4.12,2.67,7.38,34.22,7,0.89,83,61,10.26,0,1,1.0,2.08,0.0,13.0,0.0,7.0,2.0,600302_20251104,85,10.0%,8.2,2.7,3,0.0388,0,1,0,0.17371323529411753,-0.08915441176470594,0.010110294117647006
323,600408,20251104,20251105,20251110,0,22,1,0,1596.6,3.76,5.2,3,1,0,-4.18,1.42,0.73,1.66,15.18,5,0.76,83,61,10.26,0,1,1.0,2.08,0.0,13.0,0.0,7.0,2.0,600408_20251104,80,9.9%,0.7,5.1,3,0.1202,1,1,0,0.18421052631578952,0.005263157894736847,0.09473684210526324
324,002885,20251105,20251106,20251111,0,17,5,0,3707.9,32.25,11.4,3,1,0,5.75,2.01,1.71,1.39,20.86,6,1.0,127,92,10.52,0,1,1.0,1.08,1.0,9.0,0.0,12.0,1.0,002885_20251105,90,10.0%,7.7,4.2,3,0.0070999999999999995,0,1,0,0.13143549364021792,-0.033313143549364065,0.08903694730466376
325,600693,20251105,20251106,20251117,1,17,2,0,657.6,7.05,2.3,7,0,0,8.21,0.51,1.42,0.74,5.28,4,0.7,127,92,10.52,0,1,1.0,2.08,0.0,13.0,0.0,7.0,2.0,600693_20251105,80,10.0%,8.0,1.6,7,0.6897,1,1,1,0.7510853835021707,-0.040520984081042,-0.011577424023154858
326,600759,20251105,20251106,20251111,0,22,3,3,1788.5,2.82,6.3,2,0,0,10.37,0.32,2.11,1.89,2.99,3,0.64,127,92,10.52,0,1,1.0,2.08,0.0,13.0,0.0,7.0,2.0,600759_20251105,90,10.2%,8.9,3.1,3,-0.0144,0,0,0,0.032727272727272674,-0.032727272727272674,-0.0036363636363635587
327,000838,20251106,20251107,20251112,0,10,2,2,608.5,3.52,2.1,1,0,0,10.36,0.74,2.65,1.81,7.39,5,0.78,136,91,10.11,2,1,1.0,2.08,0.0,13.0,0.0,7.0,2.0,000838_20251106,90,10.0%,9.4,4.0,3,-0.07980000000000001,0,0,0,-0.04237288135593218,-0.10169491525423725,-0.053672316384180775
328,002851,20251106,20251107,20251112,0,13,7,1,5114.3,84.16,18.5,2,0,0,2.38,0.59,0.82,0.58,7.91,6,0.51,136,91,10.11,2,1,3.0,4.34,1.0,9.0,1.0,2.0,3.0,002851_20251106,65,10.0%,3.8,1.2,3,-0.056600000000000004,0,0,0,0.08639053254437866,-0.07692307692307693,0.008165680473372754
329,002975,20251106,20251107,20251112,0,23,8,2,1104.4,76.26,3.7,3,1,0,11.14,2.96,1.24,1.05,24.11,7,0.71,136,91,10.11,2,1,1.0,2.1,0.0,15.0,0.0,12.0,1.0,002975_20251106,70,10.0%,1.7,1.5,3,0.0291,0,1,0,0.03867187499999999,-0.046354166666666696,-0.009635416666666601
330,600370,20251106,20251107,20251113,1,14,1,0,348.2,2.59,1.2,3,1,0,-11.8,0.08,0.52,0.71,2.75,4,0.63,136,91,10.11,2,1,1.0,2.08,0.0,13.0,0.0,7.0,2.0,600370_20251106,65,10.2%,4.2,1.4,4,0.10800000000000001,1,1,1,0.1846153846153846,-0.057692307692307654,0.023076923076923096
331,600470,20251106,20251107,20251112,0,11,5,3,626.9,6.95,2.2,5,0,13,0.19,0.54,0.96,1.52,4.27,6,0.9,136,91,10.11,2,1,2.0,4.66,1.0,11.0,0.0,5.0,2.0,600470_20251106,74,9.3%,2.1,3.1,3,0.0216,0,1,0,0.07533234859675048,-0.005908419497784217,0.026587887740029632
332,000572,20251107,20251110,20251114,1,15,1,1,5606.3,9.9,16.4,4,1,0,14.35,5.75,2.12,5.42,48.26,8,0.83,113,75,10.33,1,1,1.0,10.0,1.0,1.0,0.0,11.0,3.0,000572_20251107,90,10.0%,7.0,4.7,4,0.0535,1,1,1,0.06666666666666662,-0.1285024154589372,-0.038647342995169115
333,001309,20251107,20251110,20251113,0,19,4,1,12625.7,267.01,40.1,3,1,1,-5.47,0.38,0.69,0.9,14.45,6,0.98,113,75,10.33,1,1,1.0,0.11,1.0,41.0,0.0,14.0,1.0,001309_20251107,69,8.0%,3.7,2.0,3,0.0481,0,1,0,0.10194821563614102,-0.02672044366019668,-0.011739709748280425
334,002119,20251107,20251110,20251113,0,11,5,2,1535.8,21.08,5.4,1,1,0,-2.55,-0.15,0.97,2.72,3.54,4,0.7,113,75,10.33,1,1,1.0,0.11,1.0,41.0,0.0,14.0,1.0,002119_20251107,85,10.0%,8.0,2.9,3,-0.0652,0,0,0,-0.009487666034155564,-0.09582542694497152,-0.05929791271347249
335,002250,20251107,20251110,20251113,0,6,2,2,1744.0,12.86,6.4,4,0,0,-0.52,0.17,0.81,0.76,0.63,5,0.49,113,75,10.33,1,1,2.0,4.25,1.0,11.0,0.0,5.0,2.0,002250_20251107,65,10.0%,2.7,1.2,3,0.049100000000000005,0,1,0,0.062406015037593986,-0.03759398496240601,0.007518796992481176
336,600610,20251107,20251110,20251113,0,4,1,0,944.7,12.3,3.6,4,0,0,-9.18,-0.16,0.93,0.71,-2.85,3,0.18,113,75,10.33,1,1,1.0,2.08,0.0,13.0,0.0,7.0,2.0,600610_20251107,65,10.0%,5.0,1.4,3,-0.0131,0,0,0,0.03511572226656036,-0.046288906624102164,0.02314445331205115
337,000037,20251110,20251111,20251114,0,9,4,1,231.1,9.98,0.8,2,0,0,3.98,0.44,1.26,1.38,2.29,4,0.76,157,98,10.39,0,1,1.0,2.08,0.0,13.0,0.0,7.0,2.0,000037_20251110,70,10.0%,6.4,1.4,3,-0.0785,0,0,0,-0.009615384615384581,-0.08461538461538469,-0.04903846153846152
338,002432,20251110,20251111,20251114,0,16,8,3,1012.3,44.2,3.7,1,0,0,-2.55,-0.02,0.81,1.07,0.25,4,0.59,157,98,10.39,0,1,1.0,2.08,0.0,13.0,0.0,7.0,2.0,002432_20251110,85,10.0%,6.5,4.6,3,-0.0007000000000000001,0,0,0,0.034482758620689655,-0.02183908045977018,-0.009195402298850542
339,002374,20251111,20251112,20251117,0,10,3,1,682.5,3.83,2.3,3,0,0,7.12,1.84,0.87,0.53,23.71,4,0.91,129,98,11.66,1,1,1.0,1.91,0.0,10.0,0.0,10.0,2.0,002374_20251111,85,10.1%,5.6,3.6,3,0.012,0,1,0,0.1994818652849741,-0.031088082901554317,0.08808290155440422
340,002718,20251111,20251112,20251117,0,18,3,1,241.1,29.26,0.9,2,1,0,7.49,1.56,1.22,0.85,7.89,5,0.51,129,98,11.66,1,1,1.0,2.08,0.0,13.0,0.0,7.0,2.0,002718_20251111,75,10.0%,9.5,1.3,3,0.0393,0,1,0,0.0537303216974675,-0.04175222450376451,0.0
341,002733,20251111,20251112,20251117,0,11,5,0,2108.5,25.36,7.5,5,1,0,0.03,0.87,1.06,1.6,6.33,5,0.5,129,98,11.66,1,1,1.0,2.08,0.0,13.0,0.0,7.0,2.0,002733_20251111,75,10.0%,5.1,1.9,3,-0.10289999999999999,0,0,0,-0.005780346820809194,-0.1506743737957611,-0.0585741811175337
342,603938,20251111,20251112,20251117,0,23,11,2,1746.6,23.79,5.6,4,1,0,3.52,1.37,1.41,1.47,13.69,4,1.0,129,98,11.66,1,1,2.0,1.93,0.0,15.0,0.0,2.0,3.0,603938_20251111,70,10.0%,0.7,1.8,3,-0.1114,0,0,0,0.029779887785929982,-0.13508847647820468,-0.025463962019853403
343,605303,20251112,20251113,20251118,1,21,4,0,709.5,22.24,2.5,7,0,0,-7.59,-0.24,0.74,0.84,3.45,5,0.51,101,76,10.15,0,1,1.0,2.08,0.0,13.0,0.0,7.0,2.0,605303_20251112,57,10.0%,2.0,1.4,3,0.0977,1,1,1,0.16007194244604328,-0.008543165467625798,0.01573741007194251
344,000572,20251113,20251114,20251119,0,15,1,1,7026.1,10.04,23.3,4,0,0,16.78,5.15,2.12,0.89,44.77,7,0.65,191,124,10.31,3,1,1.0,9.97,1.0,1.0,0.0,8.0,1.0,000572_20251113,80,10.0%,4.0,2.3,3,-0.0178,0,0,0,0.14571428571428566,-0.01428571428571432,0.041904761904761854
345,002029,20251113,20251114,20251119,1,11,2,1,1524.9,10.94,5.3,2,1,18,7.3,1.24,1.57,1.87,14.09,6,0.85,191,124,10.31,3,1,0.0,1.89,0.0,7.0,0.0,70.0,3.0,002029_20251113,79,7.6%,3.1,4.3,3,0.0134,0,1,1,0.09765258215962433,-0.027230046948356894,-0.0018779342723004293
346,002837,20251113,20251114,20251119,0,12,1,0,8197.5,73.71,31.9,2,0,0,-5.97,-0.94,0.81,0.48,-8.59,4,0.18,191,124,10.31,3,1,1.0,2.08,0.0,13.0,0.0,7.0,2.0,002837_20251113,62,10.0%,1.1,1.6,3,-0.0115,0,0,0,0.04981473857554543,-0.023466447097571126,0.021270756141073103
347,603948,20251113,20251114,20251119,0,8,2,2,488.9,30.91,1.8,4,0,0,14.91,1.38,2.2,4.29,7.84,6,0.47,191,124,10.31,3,1,4.0,2.92,1.0,39.0,1.0,1.0,2.0,603948_20251113,90,10.0%,7.8,4.0,3,-0.12560000000000002,0,0,0,0.12021177203363437,-0.15789473684210528,-0.04702584864528178
348,001266,20251114,20251117,20251120,0,11,4,0,367.3,36.27,1.3,2,1,0,-7.48,-0.36,0.62,0.87,8.59,2,0.84,127,96,11.09,0,1,1.0,2.08,0.0,13.0,0.0,7.0,2.0,001266_20251114,85,10.0%,5.8,4.3,3,0.0024,0,1,0,0.09410029498525088,-0.08790560471976393,-0.005309734513274328
349,601279,20251114,20251117,20251121,1,8,0,0,378.6,5.09,1.3,3,1,0,18.75,0.7,3.9,3.0,6.21,6,0.67,127,96,11.09,0,1,1.0,2.08,0.0,13.0,0.0,7.0,2.0,601279_20251114,75,9.9%,0.4,2.4,4,0.0959,1,1,1,0.31677018633540377,-0.01656314699792962,-0.012422360248447308
350,000695,20251117,20251118,20251121,0,10,2,0,683.1,15.96,2.2,5,0,0,27.2,3.26,4.02,8.79,27.12,8,0.93,157,117,10.82,3,1,1.0,2.08,0.0,13.0,0.0,7.0,2.0,000695_20251117,80,10.0%,4.9,2.7,3,-0.0079,0,0,0,0.17937500000000006,-0.020625000000000004,0.07187499999999991
351,002192,20251117,20251118,20251120,1,12,4,1,2969.8,59.35,9.6,1,1,0,4.83,1.71,1.18,1.87,14.21,6,0.79,157,117,10.82,3,1,3.0,9.08,1.0,4.0,1.0,3.0,2.0,002192_20251117,90,10.0%,8.2,3.1,2,0.07629999999999999,1,1,1,0.13532223504203056,-0.040712048788528084,0.042689962089994996
352,002356,20251117,20251118,20251121,0,12,1,0,441.4,3.94,1.6,3,0,0,12.88,-0.13,1.91,1.71,2.78,2,0.58,157,117,10.82,3,1,1.0,2.08,0.0,13.0,0.0,7.0,2.0,002356_20251117,85,10.1%,5.1,5.0,3,-0.0603,0,0,0,0.08010335917312651,-0.07493540051679587,-0.015503875968992262
353,002990,20251117,20251118,20251121,0,14,8,2,269.8,32.27,1.0,2,0,0,-6.12,-0.17,0.63,1.28,-1.33,5,0.27,157,117,10.82,3,1,2.0,1.88,0.0,15.0,0.0,4.0,2.0,002990_20251117,75,10.0%,4.5,2.0,3,-0.0308,0,0,0,-0.012391573729863757,-0.07434944237918222,-0.054522924411400296
354,600376,20251118,20251119,20251124,0,26,3,2,3890.3,7.27,13.8,6,0,0,6.13,-0.06,1.38,1.08,8.33,5,0.93,82,61,11.12,0,1,1.0,-1.93,0.0,14.0,0.0,4.0,3.0,600376_20251118,85,10.0%,9.5,2.4,3,-0.2638,0,0,0,-0.10410958904109587,-0.273972602739726,-0.1780821917808219
355,600410,20251118,20251119,20251124,0,19,1,1,6158.3,21.36,22.0,8,0,0,-8.36,-0.63,0.81,0.81,-1.36,4,0.69,82,61,11.12,0,1,1.0,2.08,0.0,13.0,0.0,7.0,2.0,600410_20251118,75,10.0%,10.0,1.2,3,-0.156,0,0,0,0.052914798206278015,-0.18834080717488785,0.000896860986547066
356,603929,20251118,20251119,20251124,0,26,5,2,688.7,58.18,2.3,2,1,0,-12.8,0.32,0.71,1.45,5.8,4,0.51,82,61,11.12,0,1,2.0,1.51,0.0,9.0,0.0,1.0,3.0,603929_20251118,70,10.0%,3.2,1.6,3,-0.0759,0,0,0,-0.03269754768392374,-0.13130108991825615,-0.07884877384196178
357,000010,20251120,20251121,20251126,0,11,0,0,315.0,3.92,1.2,3,0,52,8.8,-0.31,2.06,2.65,-5.43,3,0.04,79,50,9.91,0,1,1.0,2.08,0.0,13.0,0.0,7.0,2.0,000010_20251120,56,7.4%,3.0,1.3,3,0.006999999999999999,0,1,0,0.02094240837696337,-0.05235602094240831,-0.005235602094240842
358,000859,20251120,20251121,20251125,1,18,3,1,390.0,7.89,1.4,3,0,0,21.13,0.89,2.78,6.38,12.53,4,1.0,79,50,9.91,0,1,2.0,1.52,0.0,21.0,0.0,1.0,2.0,000859_20251120,70,10.0%,4.5,1.2,2,0.16149999999999998,1,1,1,0.3056265984654732,0.09974424552429659,0.22122762148337602
359,002235,20251120,20251121,20251126,0,11,2,0,902.2,8.51,3.3,2,0,0,10.43,0.7,1.34,3.73,1.9,4,0.3,79,50,9.91,0,1,1.0,2.08,0.0,13.0,0.0,7.0,2.0,002235_20251120,70,9.9%,5.0,1.1,3,0.011899999999999999,0,1,0,0.12692763938315543,-0.0023724792408065924,0.07354685646500606
360,600343,20251120,20251121,20251126,1,14,3,2,1082.6,17.91,3.9,1,1,0,-1.91,0.75,0.88,0.75,7.59,4,0.5,79,50,9.91,0,1,1.0,-0.93,0.0,46.0,0.0,6.0,1.0,600343_20251120,70,10.0%,3.5,1.6,3,0.2138,1,1,1,0.3385474860335197,0.0726256983240224,0.10614525139664817
361,600996,20251120,20251121,20251126,0,11,3,0,775.7,10.52,2.9,3,0,0,1.96,0.42,0.77,0.81,-1.02,4,0.34,79,50,9.91,0,1,1.0,2.08,0.0,13.0,0.0,7.0,2.0,600996_20251120,80,10.0%,7.5,1.8,3,0.1155,1,1,0,0.1609523809523809,0.0028571428571427964,0.06476190476190473
362,603803,20251120,20251121,20251126,1,15,3,0,466.4,10.81,1.7,5,0,0,3.87,0.45,1.28,0.84,3.8,5,0.59,79,50,9.91,0,1,1.0,2.08,0.0,13.0,0.0,7.0,2.0,603803_20251120,80,10.0%,8.0,1.9,3,0.0321,0,1,1,0.17824497257769664,-0.03382084095063979,-0.014625228519195626
363,002356,20251124,20251125,20251128,0,12,1,0,722.2,4.02,2.7,3,0,0,17.22,1.3,1.73,1.72,5.92,4,0.35,177,99,10.08,0,0,1.0,2.08,0.0,13.0,0.0,7.0,2.0,002356_20251124,90,10.1%,8.4,4.0,3,0.0263,0,1,0,0.09181141439205957,-0.009925558312655096,0.027295285359801347
364,603216,20251124,20251125,20251201,1,18,1,0,308.8,22.99,1.0,4,1,0,19.0,2.5,3.1,4.09,25.73,5,1.0,177,99,10.08,0,0,1.0,2.08,0.0,13.0,0.0,7.0,2.0,603216_20251124,80,10.0%,1.6,3.0,4,0.2915,1,1,1,0.3237410071942447,-0.027507405840033795,0.00253914515446476
365,002811,20251125,20251126,20251128,1,6,0,0,544.1,16.01,1.9,5,1,2,27.91,1.68,5.44,4.93,17.16,8,0.69,150,105,10.44,1,0,1.0,2.08,0.0,13.0,0.0,7.0,2.0,002811_20251125,84,7.3%,6.8,3.3,2,0.0492,0,1,1,0.0884840598568641,-0.023422251138581617,0.0884840598568641
366,601116,20251126,20251127,20251202,0,13,1,0,1637.5,17.49,5.6,3,0,0,0.33,1.07,0.81,0.62,19.16,6,0.79,110,85,10.86,0,0,1.0,2.08,0.0,13.0,0.0,7.0,2.0,601116_20251126,80,10.0%,5.7,2.7,3,-0.1235,0,0,0,-0.023995535714285893,-0.1250000000000001,-0.052455357142857206
367,603155,20251126,20251127,20251202,0,9,6,4,437.4,19.82,1.6,3,0,0,-8.68,-0.59,0.61,1.23,2.38,5,0.75,110,85,10.86,0,0,1.0,-1.05,0.0,39.0,0.0,13.0,1.0,603155_20251126,62,10.0%,2.4,1.7,3,-0.0298,0,0,0,0.05252317198764158,-0.05252317198764176,0.002574665293511697
368,000078,20251127,20251128,20251204,1,18,5,5,430.5,3.09,1.5,2,1,0,3.73,-0.46,1.36,1.89,4.7,4,1.0,104,69,10.58,1,0,1.0,2.08,0.0,13.0,0.0,7.0,2.0,000078_20251127,90,10.0%,7.8,9.0,4,0.5735,1,1,1,0.6295081967213115,0.0819672131147541,0.22622950819672144
369,000510,20251127,20251128,20251203,0,21,8,0,1031.0,8.49,3.3,3,1,0,-5.12,0.37,0.71,1.57,15.08,6,1.0,104,69,10.58,1,0,1.0,1.82,0.0,15.0,0.0,6.0,2.0,000510_20251127,75,10.0%,6.5,1.5,3,0.10869999999999999,1,1,0,0.20365853658536587,0.04756097560975617,0.07317073170731725
370,603626,20251127,20251128,20251203,0,19,1,0,1412.5,13.12,5.5,6,0,0,-2.35,-1.23,0.86,1.03,-7.52,4,0.43,104,69,10.58,1,0,1.0,2.08,0.0,13.0,0.0,7.0,2.0,603626_20251127,72,10.0%,10.3,1.6,3,-0.0279,0,0,0,0.04268292682926833,-0.02972560975609747,0.019054878048780487
371,603773,20251127,20251128,20251203,0,26,11,0,297.9,30.53,1.1,1,0,0,0.93,-0.84,1.0,1.25,-5.02,3,0.31,104,69,10.58,1,0,1.0,2.08,0.0,13.0,0.0,7.0,2.0,603773_20251127,62,10.0%,5.5,1.1,3,0.0096,0,1,0,0.05000000000000004,-0.0013071895424837483,0.024836601307189475
372,600151,20251128,20251201,20251208,1,13,1,0,845.3,9.3,3.2,1,1,0,7.65,0.05,1.32,1.2,-3.2,3,0.18,141,97,10.31,1,0,1.0,2.08,0.0,13.0,0.0,7.0,2.0,600151_20251128,75,10.1%,3.9,2.4,5,0.423,1,1,1,0.5841269841269843,0.0010582010582012237,0.08465608465608473
373,600337,20251128,20251201,20251204,0,14,0,0,457.3,2.74,1.7,2,0,0,13.73,-0.37,2.24,2.5,-1.91,4,0.28,141,97,10.31,1,0,1.0,2.08,0.0,13.0,0.0,7.0,2.0,600337_20251128,80,10.0%,4.3,4.2,3,0.0003,0,1,0,0.0981132075471699,-0.007547169811320762,0.060377358490566094
374,600868,20251128,20251201,20251204,0,13,1,0,1509.7,3.58,5.5,3,0,0,7.31,-1.02,1.61,1.48,-3.21,4,0.68,141,97,10.31,1,0,1.0,2.08,0.0,13.0,0.0,7.0,2.0,600868_20251128,90,10.2%,7.2,4.8,3,-0.053,0,0,0,0.14010989010989017,-0.04945054945054949,0.05769230769230768
375,603001,20251128,20251201,20251204,0,13,5,2,223.9,10.0,0.8,2,0,20,-1.61,-0.74,0.96,1.07,-3.92,4,0.6,141,97,10.31,1,0,0.0,1.76,0.0,7.0,0.0,68.0,3.0,603001_20251128,64,9.4%,1.4,1.8,3,-0.1506,0,0,0,-0.0910910910910911,-0.1531531531531531,-0.11811811811811809
376,002981,20251201,20251202,20251205,0,8,3,2,157.2,32.57,0.6,2,0,0,3.91,0.16,1.13,0.96,0.97,5,0.82,123,82,10.37,1,1,2.0,3.6,0.0,15.0,0.0,2.0,2.0,002981_20251201,75,10.0%,7.1,1.4,3,-0.051,0,0,0,0.0781968721251149,-0.06133088009812941,0.015332720024532353
377,600246,20251201,20251202,20251205,0,23,9,3,3916.7,13.93,14.0,4,0,2,16.4,1.0,2.62,1.8,5.73,3,0.66,123,82,10.37,1,1,0.0,0.76,1.0,14.0,0.0,18.0,3.0,600246_20251201,79,7.8%,6.9,2.5,3,-0.0652,0,0,0,0.012481644640234943,-0.07121879588839933,-0.02716593245227601
378,603928,20251201,20251202,20251205,0,9,6,6,358.4,17.07,1.4,6,0,0,3.78,0.09,0.81,0.98,-0.59,4,0.17,123,82,10.37,1,1,3.0,1.86,0.0,21.0,1.0,1.0,3.0,603928_20251201,72,10.0%,7.2,1.7,3,-0.0177,0,0,0,0.03620178041543023,-0.024925816023738973,0.021364985163204713
379,603933,20251201,20251202,20251205,1,15,3,2,888.0,25.32,3.0,3,1,0,15.11,0.88,2.61,2.11,14.79,7,1.0,123,82,10.37,1,1,1.0,0.88,0.0,9.0,0.0,11.0,2.0,603933_20251201,65,10.0%,0.8,1.3,3,0.1211,1,1,1,0.1993923281428029,-0.0474743638435245,-0.008735282947208389
380,000593,20251202,20251203,20251208,0,22,6,2,1592.9,13.02,5.3,3,1,0,2.28,1.37,1.34,2.03,10.3,5,0.6,66,55,10.66,0,0,1.0,1.2,0.0,5.0,0.0,10.0,2.0,000593_20251202,80,10.0%,1.4,3.2,3,-0.0504,0,0,0,0.09607993850883935,-0.05611068408916221,-0.0007686395080706985
381,603163,20251202,20251203,20251208,0,29,4,2,595.1,58.27,2.0,2,1,0,0.91,2.03,1.03,1.29,13.58,5,0.78,66,55,10.66,0,0,1.0,2.1,0.0,9.0,0.0,4.0,2.0,603163_20251202,75,10.0%,6.5,1.1,3,0.0317,0,1,0,0.05782312925170078,-0.03265306122448971,0.023469387755102086
382,000571,20251203,20251204,20251209,1,11,5,2,494.2,6.49,1.7,1,1,0,1.65,0.22,1.12,1.11,3.61,6,0.75,78,61,9.9,0,0,1.0,5.87,0.0,2.0,0.0,5.0,2.0,000571_20251203,90,10.0%,8.3,3.8,3,-0.044500000000000005,0,0,1,0.06534954407294828,-0.08662613981762922,-0.031914893617021274
383,002631,20251203,20251204,20251209,0,11,4,3,238.3,5.71,0.9,1,0,0,-6.74,-0.39,0.76,0.33,-5.0,5,0.27,78,61,9.9,0,0,1.0,0.36,0.0,13.0,0.0,11.0,2.0,002631_20251203,65,10.0%,2.5,1.2,3,0.0231,0,1,0,0.09413854351687394,0.008880994671403165,0.07815275310834821
384,600707,20251203,20251204,20251209,0,15,9,3,441.3,6.36,1.6,1,0,0,1.92,-0.13,1.14,0.93,-0.22,6,0.76,78,61,9.9,0,0,2.0,0.06,1.0,27.0,0.0,1.0,3.0,600707_20251203,80,10.0%,0.8,5.4,3,-0.0067,0,0,0,0.05993690851735014,-0.017350157728706534,0.045741324921135654
385,603906,20251203,20251204,20251209,0,9,3,0,3451.5,23.41,11.9,2,1,0,16.32,1.96,2.24,0.71,12.73,5,0.88,78,61,9.9,0,0,1.0,-1.06,0.0,11.0,0.0,10.0,1.0,603906_20251203,65,10.0%,3.1,1.1,3,-0.161,0,0,0,-0.09208333333333336,-0.16125000000000003,-0.11875000000000006
386,002347,20251204,20251205,20251210,0,8,0,0,264.3,7.39,1.0,9,0,0,-6.92,0.06,0.73,0.45,-2.35,5,0.35,69,49,10.66,0,0,1.0,2.08,0.0,13.0,0.0,7.0,2.0,002347_20251204,65,10.0%,2.5,1.4,3,0.0087,0,1,0,0.0986486486486487,0.0,0.03783783783783775
387,600879,20251204,20251205,20251210,0,11,1,1,3210.6,12.26,11.9,1,1,100,14.94,0.9,2.39,2.16,5.77,5,0.65,69,49,10.66,0,0,1.0,2.08,0.0,13.0,0.0,7.0,2.0,600879_20251204,79,8.1%,3.9,4.5,3,0.1247,1,1,0,0.17235636969192342,0.06577851790174861,0.11656952539550378
388,603696,20251204,20251205,20251210,1,15,0,0,1096.7,17.7,3.5,6,1,0,19.55,3.22,2.53,2.66,28.79,8,1.0,69,49,10.66,0,0,1.0,2.08,0.0,13.0,0.0,7.0,2.0,603696_20251204,75,10.0%,0.7,2.2,3,0.3235,1,1,1,0.49480968858131497,0.17416378316032294,0.23529411764705893
389,605299,20251204,20251205,20251210,1,15,1,0,360.3,11.77,1.3,1,1,0,8.34,0.74,1.28,0.73,6.69,5,0.82,69,49,10.66,0,0,1.0,2.08,0.0,13.0,0.0,7.0,2.0,605299_20251204,85,10.0%,5.4,3.8,3,0.2901,1,1,1,0.46808510638297873,0.15659574468085105,0.2127659574468085
390,002830,20251205,20251208,20251211,0,16,6,2,244.8,22.66,0.8,2,1,0,-3.25,1.36,0.82,1.39,17.45,6,1.0,169,110,10.48,0,0,1.0,2.29,0.0,7.0,0.0,11.0,0.0,002830_20251205,80,10.0%,3.0,3.4,3,-0.1252,0,0,0,0.11002331002331,-0.12167832167832165,0.04428904428904426
391,002885,20251205,20251208,20251211,0,17,5,0,2211.1,26.47,9.4,3,0,0,-7.46,0.17,0.48,1.0,0.98,4,0.13,169,110,10.48,0,0,1.0,2.69,0.0,9.0,0.0,9.0,2.0,002885_20251205,67,10.0%,10.6,1.2,3,-0.0479,0,0,0,0.017400962606442017,-0.05220288781932618,-0.00629396519807485
392,002969,20251205,20251208,20251231,1,23,2,0,275.4,4.32,1.0,2,1,0,17.66,1.34,4.18,2.08,9.62,5,0.52,169,110,10.48,0,0,1.0,2.08,0.0,13.0,0.0,7.0,2.0,002969_20251205,70,9.9%,2.6,1.5,17,1.8738,1,1,1,1.9636363636363632,-0.038636363636363615,0.03636363636363619
393,002029,20251208,20251209,20251212,0,11,2,1,2067.7,11.76,7.4,2,1,0,5.1,0.75,1.11,0.58,13.81,5,0.7,165,106,10.4,1,1,1.0,2.57,0.0,7.0,0.0,10.0,1.0,002029_20251208,80,10.0%,6.3,2.5,3,-0.0332,0,0,0,0.021452145214521583,-0.0693069306930693,-0.008250825082508222
394,002536,20251208,20251209,20251212,0,15,4,3,1066.8,23.43,4.0,4,0,100,-11.58,0.3,0.55,0.69,5.32,6,0.78,165,106,10.4,1,1,0.0,1.44,0.0,47.0,0.0,42.0,2.0,002536_20251208,64,7.5%,3.5,1.1,3,0.004,0,1,0,0.03933054393305445,-0.01882845188284516,0.03556485355648542
395,002943,20251208,20251209,20251212,0,14,4,2,411.9,36.14,1.5,1,0,0,-2.83,0.25,0.72,0.84,3.99,6,0.7,165,106,10.4,1,1,4.0,2.28,1.0,46.0,1.0,1.0,3.0,002943_20251208,70,10.0%,2.3,1.8,3,0.0333,0,1,0,0.07360265633646919,-0.017155506364139386,0.0550636413945767
396,603083,20251208,20251209,20251212,0,22,6,1,9783.9,118.0,35.8,3,0,35,-3.57,1.29,0.86,0.44,16.13,5,0.82,165,106,10.4,1,1,1.0,3.46,1.0,21.0,0.0,3.0,1.0,603083_20251208,69,7.0%,6.3,1.0,3,-0.0085,0,0,0,0.03958333333333333,-0.05266666666666661,-0.017499999999999953
397,002512,20251209,20251210,20251215,0,14,1,1,4135.7,7.84,12.5,4,1,0,3.65,2.1,1.15,1.09,28.02,7,1.0,89,66,10.24,0,1,1.0,2.08,0.0,13.0,0.0,7.0,2.0,002512_20251209,85,10.0%,9.1,2.0,3,-0.1311,0,0,0,-0.01658163265306121,-0.1900510204081633,-0.07653061224489792
398,603023,20251209,20251210,20251215,0,10,1,0,279.6,5.45,1.0,2,1,0,18.76,1.53,2.46,1.18,15.66,7,1.0,89,66,10.24,0,1,1.0,2.08,0.0,13.0,0.0,7.0,2.0,603023_20251209,80,10.1%,1.9,5.4,3,-0.115,0,0,0,0.00756143667296787,-0.15311909262759918,-0.020793950850661685
399,000980,20251210,20251211,20251216,0,12,4,0,1984.1,4.12,7.2,2,0,19,-0.76,0.87,0.86,0.61,9.68,6,0.82,103,68,9.86,1,0,1.0,2.08,0.0,13.0,0.0,7.0,2.0,000980_20251210,69,7.3%,4.3,1.6,3,-0.1207,0,0,0,-0.04306220095693773,-0.1267942583732057,-0.07894736842105254
400,002682,20251210,20251211,20251216,1,15,0,0,2607.9,10.49,6.9,6,1,0,-8.27,6.92,0.43,5.12,60.55,9,1.0,103,68,9.86,1,0,1.0,2.08,0.0,13.0,0.0,7.0,2.0,002682_20251210,90,10.0%,8.2,5.9,3,0.0194,0,1,1,0.1371428571428571,-0.11809523809523811,0.0333333333333333
401,600340,20251210,20251211,20251216,0,9,0,0,3103.1,2.66,12.9,4,0,0,-4.34,0.55,0.66,1.25,2.21,4,0.26,103,68,9.86,1,0,1.0,2.08,0.0,13.0,0.0,7.0,2.0,600340_20251210,85,9.9%,11.1,2.7,3,-0.1054,0,0,0,-0.04905660377358487,-0.1433962264150943,-0.08679245283018867
402,601869,20251210,20251211,20251216,0,30,4,1,3936.0,98.43,13.5,2,0,0,-6.5,0.11,1.03,0.98,4.63,4,0.69,103,68,9.86,1,0,3.0,1.94,1.0,21.0,1.0,1.0,3.0,601869_20251210,80,10.0%,6.1,2.2,3,-0.128,0,0,0,0.058823529411764705,-0.13421568627450978,0.03647058823529411
403,002202,20251211,20251212,20251217,0,13,2,2,4252.8,16.98,15.5,1,0,0,-0.28,0.32,0.62,1.08,1.97,4,0.48,79,53,11.33,0,0,1.0,2.35,1.0,4.0,0.0,12.0,0.0,002202_20251211,80,10.0%,6.0,2.5,3,-0.0213,0,0,0,0.06718192627824013,-0.041617122473246095,0.04042806183115337
404,000506,20251212,20251215,20251218,0,18,6,3,836.7,13.26,3.1,2,0,42,1.13,0.02,1.36,1.13,0.3,4,0.68,164,118,11.11,3,0,0.0,3.93,0.0,7.0,0.0,33.0,2.0,000506_20251212,69,7.8%,7.8,1.5,3,0.0258,0,1,0,0.05338345864661647,-0.03684210526315791,-0.021804511278195556
405,603031,20251212,20251215,20251218,0,11,3,0,482.2,44.19,1.7,1,0,0,1.76,0.47,1.12,1.34,1.88,5,0.71,164,118,11.11,3,0,1.0,2.08,0.0,13.0,0.0,7.0,2.0,603031_20251212,85,10.0%,7.3,2.1,3,-0.1559,0,0,0,-0.03347098456857203,-0.1627906976744185,-0.1621386655074984
406,603127,20251212,20251215,20251218,0,12,4,2,1568.1,34.35,5.5,2,0,0,19.95,1.18,4.09,4.43,11.5,6,0.79,164,118,11.11,3,0,1.0,2.08,0.0,13.0,0.0,7.0,2.0,603127_20251212,70,10.0%,5.7,1.4,3,0.0496,0,1,0,0.08731563421828911,0.010324483775811251,0.014159292035398348
407,000592,20251215,20251216,20251219,0,25,1,1,17886.9,14.81,54.7,5,1,0,-1.6,1.56,0.88,0.69,19.11,6,0.93,105,77,10.56,0,0,1.0,9.62,1.0,1.0,0.0,7.0,3.0,000592_20251215,85,9.6%,6.8,2.0,3,-0.0564,0,0,0,0.10027855153203352,-0.08008356545960993,-0.037604456824512474
408,600186,20251215,20251216,20251219,0,14,9,1,528.1,5.81,2.0,2,0,0,1.52,-0.4,1.16,0.96,-5.45,2,0.03,105,77,10.56,0,0,1.0,6.11,0.0,2.0,0.0,17.0,1.0,600186_20251215,70,10.0%,3.8,2.0,3,0.005,0,1,0,0.06429780033840946,-0.027072758037225066,0.011844331641286003
409,603390,20251216,20251217,20251222,0,3,3,0,124.6,12.83,0.5,4,0,100,4.05,-0.45,1.17,1.14,-3.89,3,0.24,73,56,11.13,0,0,1.0,2.08,0.0,13.0,0.0,7.0,2.0,603390_20251216,66,7.0%,4.2,1.9,3,0.056600000000000004,1,1,0,0.0841346153846153,0.012019230769230798,0.032051282051282076
410,002703,20251217,20251218,20251222,1,12,2,0,730.3,14.47,2.6,2,0,0,0.59,0.42,1.08,2.14,9.52,5,1.0,127,76,10.04,2,0,1.0,2.08,0.0,13.0,0.0,7.0,2.0,002703_20251217,80,10.0%,4.0,4.6,2,0.28859999999999997,1,1,1,0.3459119496855347,0.06918238993710693,0.22361984626135575
411,002910,20251217,20251218,20251223,1,13,5,3,223.3,11.28,0.9,5,0,0,2.41,-1.06,1.21,2.22,-8.84,4,0.23,127,76,10.04,2,0,1.0,0.44,0.0,5.0,0.0,12.0,2.0,002910_20251217,67,10.1%,9.3,1.3,3,0.1748,1,1,1,0.3921739130434784,0.013913043478260882,0.18695652173913047
412,601231,20251217,20251218,20251223,1,13,1,0,1929.4,28.19,6.6,2,1,0,6.35,1.42,1.15,0.62,14.28,6,0.86,127,76,10.04,2,0,1.0,2.08,0.0,13.0,0.0,7.0,2.0,601231_20251217,75,10.0%,8.2,1.4,3,-0.0184,0,0,1,0.041858815182688885,-0.0830081589216034,-0.0652713728272437
413,601869,20251217,20251218,20251223,1,30,4,1,4623.7,98.23,16.9,2,0,0,8.67,2.0,1.17,1.87,8.8,6,0.32,127,76,10.04,2,0,4.0,5.13,1.0,21.0,1.0,1.0,1.0,601869_20251217,75,10.0%,6.4,1.6,3,0.2325,1,1,1,0.2553921568627452,0.029411764705882353,0.1323529411764706
414,002361,20251218,20251219,20251230,1,26,3,1,844.4,7.43,3.1,3,0,0,9.06,0.61,1.97,2.3,3.28,6,0.31,109,76,10.65,0,0,1.0,2.08,0.0,13.0,0.0,7.0,2.0,002361_20251218,65,10.1%,3.3,1.3,7,0.69,1,1,1,0.8818181818181818,0.07142857142857141,0.16753246753246753
415,002865,20251218,20251219,20251225,1,15,3,1,1675.6,47.64,5.7,2,0,0,18.68,1.78,3.04,4.24,19.18,6,0.88,109,76,10.65,0,0,1.0,2.08,0.0,13.0,0.0,7.0,2.0,002865_20251218,80,10.0%,2.1,3.0,4,0.07150000000000001,1,1,1,0.11810344827586215,-0.08405172413793101,0.06681034482758624
416,601212,20251222,20251223,20251226,0,18,0,0,2399.8,5.7,8.7,3,0,0,0.02,0.16,1.18,1.57,0.37,4,0.53,178,111,10.17,1,1,1.0,2.08,0.0,13.0,0.0,7.0,2.0,601212_20251222,80,10.0%,10.2,1.5,3,-0.018600000000000002,0,0,0,0.00671140939597316,-0.08557046979865768,-0.011744966442953067
417,000759,20251223,20251224,20251229,0,11,8,3,2307.8,8.91,8.1,6,0,0,-1.35,0.31,1.02,0.65,6.19,5,0.71,116,81,10.54,1,1,1.0,-0.03,0.0,8.0,0.0,3.0,2.0,000759_20251223,80,10.0%,5.6,2.5,3,-0.0819,0,0,0,0.027272727272727094,-0.08522727272727272,-0.032954545454545556
418,002272,20251223,20251224,20251230,1,19,5,0,811.4,15.92,2.9,3,0,0,3.19,0.09,1.21,1.16,1.58,4,0.73,116,81,10.54,1,1,1.0,2.08,0.0,13.0,0.0,7.0,2.0,002272_20251223,70,10.0%,6.5,1.3,4,0.1452,1,1,1,0.24493670886075955,-0.009493670886075972,0.017088607594936682
419,002957,20251223,20251224,20251229,0,14,4,0,393.7,21.78,1.4,1,0,0,3.69,-0.4,1.37,1.86,-0.93,5,0.72,116,81,10.54,1,1,1.0,2.08,0.0,13.0,0.0,7.0,2.0,002957_20251223,85,10.0%,8.4,2.5,3,-0.003,0,0,0,0.05961182994454709,-0.0013863216266174277,0.04574861367837331
420,603052,20251223,20251224,20251229,0,22,4,0,622.8,32.74,2.4,1,0,12,-4.7,-1.05,0.85,0.7,-7.79,2,0.17,116,81,10.54,1,1,1.0,2.08,0.0,13.0,0.0,7.0,2.0,603052_20251223,61,7.3%,2.6,3.0,3,-0.0069,0,0,0,0.04555247768544157,-0.020313942751615993,0.01692828562634648
421,603978,20251223,20251224,20251229,1,13,1,0,1008.4,28.27,4.2,2,0,0,-7.69,-1.22,0.55,0.65,-10.07,3,0.34,116,81,10.54,1,1,1.0,2.08,0.0,13.0,0.0,7.0,2.0,603978_20251223,62,10.0%,8.6,1.2,3,0.010700000000000001,0,1,1,0.09837201246969171,-0.043297540699688254,-0.0013855213023901177
422,002008,20251224,20251225,20251230,0,11,6,1,2181.6,41.58,8.0,1,0,100,-1.33,-0.14,0.98,0.71,-1.35,3,0.7,186,123,10.04,2,1,1.0,2.08,0.0,13.0,0.0,7.0,2.0,002008_20251224,69,8.3%,7.5,1.3,3,0.0105,0,1,0,0.05275895450145207,-0.0014520813165537821,0.026137463697967045
423,002163,20251224,20251225,20251229,1,12,0,0,4782.7,19.35,15.3,4,1,0,-13.85,-0.88,0.46,1.18,4.04,4,0.79,186,123,10.04,2,1,1.0,2.08,0.0,13.0,0.0,7.0,2.0,002163_20251224,75,10.0%,0.6,2.0,2,0.2134,1,1,1,0.24218362282878425,0.0327543424317618,0.1290322580645162
424,002865,20251224,20251225,20251229,1,15,3,1,2300.7,49.01,8.2,2,0,0,12.06,3.06,1.68,1.38,19.08,6,0.54,186,123,10.04,2,1,1.0,2.08,0.0,13.0,0.0,7.0,2.0,002865_20251224,80,10.0%,4.6,2.9,2,0.1685,1,1,1,0.21964033138007671,0.024045261669023998,0.10870883006668004
425,600475,20251224,20251225,20251230,0,18,1,0,693.8,19.1,2.6,6,0,0,-8.43,-0.7,0.69,0.45,-3.54,4,0.32,186,123,10.04,2,1,1.0,2.08,0.0,13.0,0.0,7.0,2.0,600475_20251224,57,10.0%,4.1,1.2,3,-0.055099999999999996,0,0,0,0.030943785456420726,-0.06859205776173294,-0.013924703455389353
426,603031,20251224,20251225,20251230,0,11,3,0,1349.9,49.86,4.6,1,1,3,4.92,0.95,1.0,0.85,16.09,6,0.83,186,123,10.04,2,1,1.0,2.08,0.0,13.0,0.0,7.0,2.0,603031_20251224,79,8.2%,2.5,4.1,3,-0.0987,0,0,0,-0.011078140454994959,-0.10286844708209686,-0.05697329376854591
427,603083,20251224,20251225,20251230,0,22,6,1,10125.0,129.11,36.0,3,0,47,-2.65,0.04,0.91,0.87,2.81,4,0.77,186,123,10.04,2,1,1.0,2.0,1.0,21.0,0.0,7.0,2.0,603083_20251224,59,7.3%,0.9,1.1,3,0.0797,1,1,0,0.13490196078431363,-0.046274509803921615,-0.005725490196078462
428,603212,20251224,20251225,20251230,0,7,2,2,1371.9,15.0,5.0,1,1,6,8.24,1.36,1.15,1.01,5.34,4,0.64,186,123,10.04,2,1,0.0,3.23,0.0,8.0,0.0,63.0,3.0,603212_20251224,74,7.1%,2.2,2.7,3,-0.058899999999999994,0,0,0,0.08144192256341781,-0.06141522029372496,0.022696929238985305
429,000559,20251225,20251226,20260106,1,13,0,0,3350.0,13.44,12.3,4,0,0,9.4,0.3,2.0,1.21,3.96,5,0.77,164,117,10.35,2,1,1.0,2.08,0.0,13.0,0.0,7.0,2.0,000559_20251225,75,10.0%,9.4,1.0,7,0.33649999999999997,1,1,1,0.3866666666666666,-0.002222222222222175,0.05629629629629628
430,000859,20251225,20251226,20251231,0,18,3,1,5689.2,11.56,18.7,4,1,0,-1.24,0.06,1.09,1.11,8.76,5,0.7,164,117,10.35,2,1,1.0,0.84,1.0,21.0,0.0,15.0,3.0,000859_20251225,75,10.0%,3.2,2.6,3,-0.0926,0,0,0,0.045004500450045004,-0.11251125112511251,-0.003600360036003524
431,600376,20251225,20251226,20251231,1,26,3,2,2077.5,5.92,7.9,6,0,0,4.72,-0.45,1.5,0.89,-1.67,4,0.55,164,117,10.35,2,1,1.0,1.13,0.0,14.0,0.0,9.0,2.0,600376_20251225,85,10.0%,9.7,2.2,3,0.1131,1,1,1,0.21621621621621626,0.0,0.05743243243243241
432,600793,20251225,20251226,20251231,0,8,6,6,179.0,23.41,0.7,4,0,0,-0.48,0.03,1.05,0.59,1.17,5,0.63,164,117,10.35,2,1,1.0,3.89,0.0,7.0,0.0,18.0,2.0,600793_20251225,65,10.0%,3.3,1.0,3,-0.10220000000000001,0,0,0,-0.032037590773173856,-0.10721913712088857,-0.048697137975224285
433,605598,20251225,20251226,20251231,0,21,3,2,2391.0,61.9,7.6,3,1,0,-0.74,0.24,1.22,1.13,7.69,5,1.0,164,117,10.35,2,1,2.0,2.81,0.0,9.0,0.0,3.0,3.0,605598_20251225,75,10.0%,7.1,1.2,3,0.0959,1,1,0,0.16708860759493674,0.038607594936708824,0.11787974683544308
434,002347,20251226,20251229,20260106,1,8,0,0,1144.8,9.3,3.9,2,0,0,-8.06,0.02,0.74,0.72,6.73,4,0.95,148,107,10.88,1,1,1.0,2.08,0.0,13.0,0.0,7.0,2.0,002347_20251226,80,10.1%,4.3,2.3,6,0.3786,1,1,1,0.42842430484037053,-0.051493305870236865,0.15859938208032945
435,000700,20251229,20251230,20260106,0,15,5,1,1881.7,12.63,6.5,2,0,0,4.14,0.61,1.37,0.95,4.57,5,0.9,141,104,10.92,2,1,4.0,1.82,0.0,47.0,1.0,1.0,2.0,000700_20251229,75,10.0%,2.9,2.2,5,0.1465,1,1,0,0.21652639632746748,0.037490436113236436,0.10022953328232598
436,002202,20251229,20251230,20260113,1,13,2,2,9487.9,21.66,30.3,1,1,0,6.22,1.61,1.57,2.04,12.65,7,0.84,141,104,10.92,2,1,1.0,3.38,1.0,4.0,0.0,14.0,3.0,002202_20251229,85,10.0%,8.8,2.0,10,0.539,1,1,1,0.6824170831440254,-0.11631076783280336,-0.07314856883234906
437,002716,20251229,20251230,20260106,0,18,0,0,3241.7,7.28,11.8,2,0,100,9.79,1.07,1.52,1.24,8.32,4,0.88,141,104,10.92,2,1,1.0,2.08,0.0,13.0,0.0,7.0,2.0,002716_20251229,79,7.2%,5.0,2.6,5,0.1545,1,1,0,0.17672413793103442,-0.007183908045976986,-0.005747126436781614
438,603186,20251229,20251230,20260106,0,15,9,1,919.1,50.69,3.3,1,0,24,5.44,0.87,1.48,1.3,5.41,5,0.82,141,104,10.92,2,1,1.0,2.08,0.0,13.0,0.0,7.0,2.0,603186_20251229,64,7.8%,1.1,1.8,5,-0.0155,0,0,0,0.0672807368842611,-0.02763315979175001,-0.006808169803764444
439,603192,20251229,20251230,20260106,0,8,1,1,200.7,26.11,0.7,5,0,0,-10.4,0.26,0.69,0.33,-1.38,6,0.54,141,104,10.92,2,1,1.0,2.08,0.0,13.0,0.0,7.0,2.0,603192_20251229,70,10.0%,3.6,1.8,5,0.0213,0,1,0,0.11966463414634149,-0.043064024390243864,0.0
440,603778,20251229,20251230,20260113,1,39,3,1,5239.7,16.78,16.5,5,1,0,0.76,3.44,1.23,2.33,28.28,7,0.75,141,104,10.92,2,1,2.0,2.25,0.0,8.0,0.0,4.0,3.0,603778_20251229,75,10.0%,8.9,1.5,10,0.46159999999999995,1,1,1,0.49244186046511645,-0.054651162790697545,0.023255813953488497
441,603936,20251229,20251230,20260106,0,9,6,0,1053.6,12.95,3.8,1,0,0,1.01,0.48,1.12,0.65,3.55,3,0.73,141,104,10.92,2,1,1.0,2.08,0.0,13.0,0.0,7.0,2.0,603936_20251229,80,10.0%,6.3,2.1,5,0.0276,0,1,0,0.03881987577639751,-0.02484472049689443,-0.01397515527950322
442,002757,20251230,20251231,20260107,1,12,3,1,250.3,17.7,0.9,2,0,0,-3.63,0.29,0.92,0.69,3.39,5,0.83,126,86,10.28,2,1,2.0,1.13,1.0,33.0,0.0,4.0,3.0,002757_20251230,70,10.0%,5.7,1.4,5,0.2236,1,1,1,0.39693356047700185,0.13912549687677453,0.21635434412265772
443,600192,20251230,20251231,20260106,0,12,3,1,474.4,10.52,1.8,3,0,0,-14.92,-0.56,0.55,0.55,-5.83,4,0.31,126,86,10.28,2,1,1.0,2.08,0.0,13.0,0.0,7.0,2.0,600192_20251230,65,10.0%,0.5,1.1,4,-0.028399999999999998,0,0,0,-0.018181818181818136,-0.05071770334928224,-0.03444976076555019
444,603216,20251230,20251231,20260106,0,18,1,0,1009.8,46.4,3.0,5,1,0,-4.38,2.29,0.9,1.24,19.56,6,0.99,126,86,10.28,2,1,1.0,2.08,0.0,13.0,0.0,7.0,2.0,603216_20251230,75,9.9%,7.5,1.1,4,-0.028300000000000002,0,0,0,0.06821251688428638,-0.05785682125168843,0.046825754164790595
445,000545,20260106,20260107,20260112,0,13,4,2,302.0,3.12,1.1,1,0,0,5.8,-0.09,0.87,1.94,-1.52,4,0.16,239,155,10.77,3,1,3.0,4.68,1.0,15.0,0.0,3.0,1.0,000545_20260106,75,9.9%,9.1,1.2,3,0.022099999999999998,0,1,0,0.03514376996805122,-0.03514376996805108,-0.012779552715654964
446,000695,20260106,20260107,20260112,0,10,2,0,836.5,14.16,3.1,5,0,0,-1.93,0.26,0.51,1.03,5.05,5,0.32,239,155,10.77,3,1,1.0,2.08,0.0,13.0,0.0,7.0,2.0,000695_20260106,67,10.0%,6.5,1.9,3,-0.0545,0,0,0,-0.009213323883770306,-0.056697377746279164,-0.029766123316796594
447,603067,20260106,20260107,20260112,1,17,7,3,2806.1,34.5,9.6,2,1,1,-4.47,0.46,0.91,0.66,15.36,3,0.98,239,155,10.77,3,1,3.0,4.68,1.0,15.0,0.0,3.0,1.0,603067_20260106,74,8.9%,6.0,2.0,3,0.08960000000000001,1,1,1,0.11373011196228638,-0.06894519740718906,-0.05981143193871531
448,605358,20260106,20260107,20260112,0,13,5,1,4256.0,42.13,14.6,3,1,0,-1.81,0.27,0.88,0.81,14.84,4,1.0,239,155,10.77,3,1,2.0,2.09,1.0,41.0,0.0,6.0,1.0,605358_20260106,85,10.0%,7.7,2.0,3,-0.0143,0,0,0,0.002288329519450671,-0.05537757437070942,-0.050114416475972645
449,000798,20260107,20260108,20260113,0,11,0,0,993.2,11.8,3.8,7,0,0,-6.53,-0.83,0.48,0.69,-4.95,4,0.19,215,132,10.5,2,1,1.0,2.08,0.0,13.0,0.0,7.0,2.0,000798_20260107,82,10.0%,11.1,3.2,3,-0.027200000000000002,0,0,0,0.058524173027989936,-0.02883799830364715,0.04156064461407975
450,600475,20260107,20260108,20260113,1,18,1,0,969.2,20.92,3.4,6,0,0,0.14,0.51,0.86,0.51,9.52,4,0.71,215,132,10.5,2,1,1.0,2.08,0.0,13.0,0.0,7.0,2.0,600475_20260107,70,10.0%,3.1,1.7,3,0.1458,1,1,1,0.19569288389513106,-0.043071161048689056,0.0014044943820225252
451,603687,20260107,20260108,20260113,0,15,5,1,384.2,10.55,1.4,1,1,100,-1.71,0.09,0.91,0.74,0.86,5,0.62,215,132,10.5,2,1,0.0,0.97,0.0,10.0,0.0,64.0,1.0,603687_20260107,74,8.3%,4.3,2.7,3,0.0151,0,1,0,0.10009813542688925,0.017664376840039228,0.04121687929342492
452,002843,20260108,20260109,20260114,0,11,1,0,659.7,22.02,2.4,1,0,0,-8.14,0.12,0.52,0.3,0.5,5,0.56,199,135,10.55,3,1,1.0,2.08,0.0,13.0,0.0,7.0,2.0,002843_20260108,70,10.0%,1.6,1.7,3,0.018799999999999997,0,1,0,0.04976744186046513,-0.015813953488372088,0.032558139534883686
453,600391,20260108,20260109,20260114,0,13,4,2,3434.6,41.73,11.2,1,1,4,1.57,1.55,1.11,0.96,19.09,5,0.9,199,135,10.55,3,1,0.0,5.31,0.0,3.0,0.0,80.0,3.0,600391_20260108,74,7.9%,6.2,1.7,3,-0.0366,0,0,0,0.12949640287769779,-0.07625899280575538,0.08968824940047948
454,603333,20260108,20260109,20260114,0,4,2,0,358.8,8.99,1.3,6,0,0,1.63,0.32,0.88,0.46,3.21,6,0.32,199,135,10.55,3,1,1.0,2.08,0.0,13.0,0.0,7.0,2.0,603333_20260108,70,10.0%,0.5,1.8,3,-0.085,0,0,0,-0.029347826086956477,-0.09565217391304338,-0.034782608695652015
455,002378,20260109,20260112,20260115,0,11,2,0,3315.4,16.96,11.6,2,1,11,-4.82,0.6,1.09,0.97,4.86,4,0.75,289,175,10.66,4,1,1.0,2.08,0.0,13.0,0.0,7.0,2.0,002378_20260109,64,8.4%,0.6,1.6,3,0.0541,1,1,0,0.06395348837209311,-0.05581395348837215,-0.044186046511627795
456,002796,20260109,20260112,20260119,1,21,2,0,2328.7,32.82,7.6,1,1,2,-9.27,0.7,0.67,1.05,5.99,3,0.75,289,175,10.66,4,1,1.0,2.08,0.0,13.0,0.0,7.0,2.0,002796_20260109,69,9.5%,1.4,2.4,5,0.3603,1,1,1,0.4484223300970874,0.04368932038834945,0.04915048543689313
457,600589,20260109,20260112,20260115,1,12,3,0,2624.7,9.69,8.9,5,1,0,32.13,2.2,9.01,9.0,21.5,6,0.8,289,175,10.66,4,1,1.0,2.08,0.0,13.0,0.0,7.0,2.0,600589_20260109,70,10.0%,2.5,1.8,3,0.0124,0,1,1,0.17641228939544096,-0.07234886025768092,-0.019821605550049484
458,000889,20260112,20260113,20260116,0,18,8,1,171.6,3.94,0.6,4,0,0,-0.8,-0.35,1.12,0.48,0.14,4,0.21,646,394,11.07,3,1,1.0,2.08,0.0,13.0,0.0,7.0,2.0,000889_20260112,67,10.1%,9.8,1.2,3,-0.0596,0,0,0,0.03061224489795921,-0.06377551020408163,0.002551020408163324
459,600152,20260112,20260113,20260116,0,13,5,1,558.2,8.31,1.9,2,0,0,-6.59,0.16,0.77,0.44,5.46,6,0.69,646,394,11.07,3,1,1.0,0.86,0.0,11.0,0.0,20.0,1.0,600152_20260112,75,10.1%,10.2,1.1,3,-0.111,0,0,0,-0.054335260115607006,-0.11907514450867054,-0.07976878612716767
460,600651,20260112,20260113,20260116,0,11,0,0,714.8,8.4,2.6,2,0,0,7.49,0.6,1.35,2.07,5.15,6,0.81,646,394,11.07,3,1,1.0,2.08,0.0,13.0,0.0,7.0,2.0,600651_20260112,75,9.9%,5.2,1.7,3,0.016399999999999998,0,1,0,0.09356725146198817,0.0,0.031578947368421
461,601872,20260112,20260113,20260116,0,12,3,1,2354.5,10.7,8.1,1,1,28,10.71,0.86,1.82,2.51,10.13,4,0.82,646,394,11.07,3,1,0.0,4.51,1.0,4.0,0.0,38.0,2.0,601872_20260112,79,8.8%,7.7,2.0,3,0.0431,0,1,0,0.09328358208955223,0.016791044776119375,0.04944029850746262
462,001255,20260114,20260115,20260119,1,11,0,0,637.4,45.63,2.0,3,1,0,8.55,2.35,1.12,1.85,26.1,6,1.0,258,171,11.02,0,1,1.0,2.08,0.0,13.0,0.0,7.0,2.0,001255_20260114,85,10.0%,8.7,2.8,2,0.08380000000000001,1,1,1,0.29037199124726465,0.0873085339168489,0.20809628008752729
463,002281,20260114,20260115,20260120,0,13,6,1,8459.3,77.12,31.0,1,1,0,4.83,0.35,1.38,1.57,-0.56,4,0.26,258,171,11.02,0,1,1.0,2.64,1.0,21.0,0.0,7.0,2.0,002281_20260114,70,10.0%,1.4,1.9,3,-0.11359999999999999,0,0,0,0.025509550057684845,-0.11908729650044873,-0.019356492757338868
464,002657,20260114,20260115,20260120,0,7,3,0,2574.8,32.27,9.3,2,0,100,-0.86,0.32,1.19,0.91,5.27,4,0.53,258,171,11.02,0,1,2.0,4.26,1.0,17.0,0.0,2.0,2.0,002657_20260114,74,8.7%,6.0,1.8,3,-0.0683,0,0,0,0.03428927680798009,-0.07107231920199494,-0.017768079800498653
465,601212,20260114,20260115,20260130,1,18,0,0,5809.1,7.05,19.8,3,1,15,-4.13,0.43,0.86,1.18,5.46,5,0.84,258,171,11.02,0,1,1.0,2.08,0.0,13.0,0.0,7.0,2.0,601212_20260114,69,7.6%,0.9,2.2,11,0.9138,1,1,1,1.1304347826086956,-0.04207573632538567,0.0210378681626929
466,603002,20260115,20260116,20260121,0,12,7,0,590.1,8.19,2.2,2,0,100,3.55,0.27,1.11,0.92,1.29,5,0.39,122,78,10.18,0,1,0.0,2.53,0.0,10.0,0.0,89.0,2.0,603002_20260115,69,8.1%,0.7,2.4,3,0.038,0,1,0,0.08780487804878058,-0.0317073170731706,-0.015853658536585245
467,000506,20260119,20260120,20260122,1,18,6,3,1404.9,15.97,4.9,2,1,0,4.39,1.27,1.23,1.65,9.54,7,0.68,221,123,10.4,1,1,2.0,5.55,0.0,7.0,0.0,2.0,2.0,000506_20260119,70,10.0%,4.2,1.4,2,0.1783,1,1,1,0.23939393939393935,0.0818181818181819,0.1715151515151514
468,000571,20260119,20260120,20260123,0,11,5,2,671.1,6.48,2.4,1,0,18,-1.79,-0.24,0.9,1.17,2.62,5,0.66,221,123,10.4,1,1,0.0,4.03,0.0,2.0,0.0,43.0,3.0,000571_20260119,61,7.1%,2.8,1.5,3,0.041100000000000005,0,1,0,0.0646153846153846,-0.04769230769230763,0.012307692307692318
469,002067,20260119,20260120,20260123,0,11,3,2,1673.4,5.86,6.4,3,0,100,-1.4,-0.12,0.82,1.87,-1.78,5,0.12,221,123,10.4,1,1,0.0,3.26,0.0,7.0,0.0,76.0,1.0,002067_20260119,66,8.5%,8.7,1.8,3,0.0033,0,1,0,0.0528109028960817,-0.023850085178875585,-0.005110732538330536
470,002246,20260119,20260120,20260123,0,10,1,0,1176.1,21.28,4.2,4,0,40,-7.23,0.14,0.65,0.52,5.11,5,0.64,221,123,10.4,1,1,1.0,2.08,0.0,13.0,0.0,7.0,2.0,002246_20260119,56,7.2%,2.2,1.0,3,0.0949,1,1,0,0.09839167455061487,-0.00804162724692534,0.030274361400189242
471,605060,20260119,20260120,20260123,0,14,3,1,462.5,41.55,1.7,2,1,24,-1.63,0.35,1.04,0.89,-0.24,4,0.73,221,123,10.4,1,1,1.0,1.53,1.0,46.0,0.0,8.0,1.0,605060_20260119,59,8.2%,2.7,1.2,3,-0.0435,0,0,0,0.13253012048192772,-0.06795180722891567,0.029638554216867393
472,601212,20260120,20260121,20260130,1,18,0,0,7566.7,7.79,24.7,3,1,0,2.52,2.58,1.13,2.56,14.62,6,0.68,113,75,10.22,0,1,1.0,2.08,0.0,13.0,0.0,7.0,2.0,601212_20260120,85,10.0%,8.3,2.4,7,0.716,1,1,1,0.910691823899371,0.031446540880503034,0.18616352201257855
473,605399,20260120,20260121,20260126,0,11,3,2,298.5,14.78,1.1,3,0,36,-7.97,-0.5,0.54,0.79,-2.86,4,0.25,113,75,10.22,0,1,1.0,1.34,1.0,39.0,0.0,12.0,3.0,605399_20260120,71,7.9%,8.1,2.5,3,0.042699999999999995,0,1,0,0.05172413793103448,-0.0220689655172414,-0.006896551724137907
474,000048,20260121,20260122,20260127,0,13,8,2,948.4,18.5,3.3,2,0,0,-2.74,0.19,0.95,1.7,10.47,4,1.0,210,130,10.18,4,1,1.0,0.59,0.0,7.0,0.0,6.0,2.0,000048_20260121,70,10.0%,1.3,1.8,3,0.0526,1,1,0,0.09570957095709583,-0.024202420242024274,0.04400440044004404
475,603256,20260121,20260122,20260127,0,34,9,0,3040.6,43.12,10.8,3,0,0,3.37,0.66,1.33,1.93,3.16,5,0.56,210,130,10.18,4,1,1.0,2.08,0.0,13.0,0.0,7.0,2.0,603256_20260121,65,10.0%,3.3,1.2,3,0.0446,0,1,0,0.12563704852647894,-0.013959672058497729,0.04586749390649236
476,002629,20260122,20260123,20260128,0,13,3,0,324.4,6.41,1.3,2,0,0,4.44,-2.31,1.04,2.54,-14.59,3,0.12,165,107,10.67,2,1,1.0,2.08,0.0,13.0,0.0,7.0,2.0,002629_20260122,57,9.9%,2.6,1.4,3,-0.04190000000000001,0,0,0,-0.013824884792626706,-0.07834101382488476,-0.03533026113671268
477,600391,20260122,20260123,20260128,1,13,4,2,4946.4,53.36,14.8,2,1,0,-1.65,0.68,1.0,1.46,16.96,5,0.83,165,107,10.67,2,1,2.0,8.32,0.0,3.0,0.0,6.0,3.0,600391_20260122,75,10.0%,8.0,1.3,3,-0.05,0,0,1,-0.012488687782805388,-0.1366515837104072,-0.12597285067873304
478,600759,20260122,20260123,20260127,1,22,3,3,5967.1,4.25,19.1,2,1,0,-6.01,0.71,0.6,0.88,20.51,6,0.97,165,107,10.67,2,1,1.0,2.08,0.0,13.0,0.0,7.0,2.0,600759_20260122,65,10.1%,2.2,1.4,2,0.09720000000000001,1,1,1,0.18969555035128818,0.04449648711943804,0.1334894613583139
479,603608,20260122,20260123,20260128,0,12,3,1,1407.0,12.05,4.5,2,1,0,-9.25,0.98,0.56,0.99,17.83,5,1.0,165,107,10.67,2,1,2.0,4.01,0.0,7.0,0.0,5.0,3.0,603608_20260122,80,10.1%,1.0,3.8,3,-0.09699999999999999,0,0,0,0.001626016260162567,-0.11382113821138214,-0.052032520325203294
480,002240,20260123,20260126,20260129,0,15,4,1,7550.4,41.87,26.1,1,1,2,1.26,0.21,1.14,1.24,11.65,6,0.88,307,184,10.66,2,1,0.0,5.43,1.0,4.0,0.0,75.0,3.0,002240_20260123,59,7.0%,0.0,1.3,3,-0.1069,0,0,0,-0.01802656546489559,-0.11385199240986711,-0.06475332068311189
481,002623,20260123,20260126,20260129,0,8,3,2,205.0,20.71,0.7,3,0,0,-2.75,0.01,0.97,1.12,2.17,6,0.71,307,184,10.66,2,1,4.0,9.08,1.0,8.0,1.0,1.0,1.0,002623_20260123,75,10.0%,8.6,1.5,3,0.22390000000000002,1,1,0,0.2631077216396568,0.0028598665395614263,0.12011439466158244
482,603212,20260123,20260126,20260128,1,7,2,2,1810.4,16.24,6.6,1,1,0,-5.53,0.14,0.68,0.68,1.51,4,0.4,307,184,10.66,2,1,4.0,9.08,1.0,8.0,1.0,1.0,1.0,603212_20260123,65,10.0%,4.7,1.4,2,0.0584,1,1,1,0.12323113207547168,-0.08608490566037741,0.030070754716981014
483,000510,20260126,20260127,20260130,0,21,8,0,4344.6,20.29,12.6,3,1,3,2.75,3.83,1.01,1.77,30.4,6,0.9,175,117,10.78,3,1,0.0,1.18,0.0,15.0,0.0,27.0,3.0,000510_20260126,64,8.8%,2.9,1.2,3,-0.1726,0,0,0,0.06115107913669053,-0.18396711202466598,-0.05035971223021585
484,000815,20260126,20260127,20260129,1,12,2,0,634.6,13.17,2.3,2,0,0,-13.51,-0.38,0.49,0.51,-3.19,5,0.33,175,117,10.78,3,1,1.0,2.08,0.0,13.0,0.0,7.0,2.0,000815_20260126,70,10.0%,0.0,1.7,2,0.0664,1,1,1,0.12499999999999994,0.03959627329192544,0.10869565217391293
485,002506,20260126,20260127,20260130,0,15,1,0,2842.7,3.45,9.7,2,1,0,-5.89,-0.09,0.7,1.45,5.28,4,1.0,175,117,10.78,3,1,1.0,2.08,0.0,13.0,0.0,7.0,2.0,002506_20260126,75,9.9%,5.3,1.6,3,-0.0301,0,0,0,0.13313609467455628,-0.03846153846153843,0.03846153846153843
486,002575,20260126,20260127,20260130,0,12,3,0,536.1,6.95,2.0,3,0,0,-13.13,-0.82,0.44,0.83,-6.96,4,0.24,175,117,10.78,3,1,1.0,2.08,0.0,13.0,0.0,7.0,2.0,002575_20260126,77,10.0%,8.6,2.2,3,0.031,0,1,0,0.08908045977011496,-0.015804597701149472,0.021551724137931084
487,601958,20260126,20260127,20260130,0,11,6,0,2732.4,21.92,9.1,1,1,0,-4.75,1.04,0.72,0.66,9.31,6,0.85,175,117,10.78,3,1,4.0,6.39,1.0,9.0,0.0,3.0,2.0,601958_20260126,80,10.0%,4.3,2.3,3,-0.056100000000000004,0,0,0,0.12419205909510625,-0.052631578947368446,0.079870729455217
488,000534,20260127,20260128,20260202,0,14,1,0,2089.3,30.8,6.5,2,1,6,6.83,3.32,1.25,1.5,28.36,7,0.85,152,92,10.13,1,1,1.0,2.08,0.0,13.0,0.0,7.0,2.0,000534_20260127,74,8.4%,5.5,1.5,3,-0.1016,0,0,0,0.07898996438977007,-0.10003237293622531,0.0006474587245062989
489,001267,20260127,20260128,20260202,0,22,3,0,3894.2,28.09,12.9,2,1,0,-1.66,0.62,0.98,0.71,14.8,6,0.79,152,92,10.13,1,1,1.0,2.08,0.0,13.0,0.0,7.0,2.0,001267_20260127,65,10.0%,2.5,1.1,3,-0.0527,0,0,0,0.052337752965806,-0.051988834612700575,-0.01953942777390086
490,600391,20260127,20260128,20260202,0,13,4,2,4916.4,53.12,15.8,2,0,0,6.44,3.55,1.33,1.66,18.76,5,0.58,152,92,10.13,1,1,1.0,2.29,0.0,3.0,0.0,16.0,2.0,600391_20260127,75,10.0%,5.7,1.5,3,-0.09949999999999999,0,0,0,0.03672264255397679,-0.09595866396014018,-0.009780402288245085
491,603163,20260127,20260128,20260202,0,29,4,2,1563.3,101.59,5.1,4,1,0,0.16,2.07,0.81,0.43,26.36,5,0.78,152,92,10.13,1,1,2.0,2.77,0.0,9.0,0.0,2.0,2.0,603163_20260127,65,10.0%,1.4,1.0,3,-0.0196,0,0,0,0.07368421052631581,-0.05263157894736842,-0.023923444976076555
492,603663,20260127,20260128,20260202,0,13,9,0,1173.2,41.47,4.2,1,1,0,-7.86,0.43,0.68,0.86,3.7,3,0.54,152,92,10.13,1,1,1.0,-0.45,0.0,15.0,0.0,9.0,3.0,603663_20260127,65,10.0%,1.1,1.3,3,-0.0635,0,0,0,0.07021276595744695,-0.06855791962174938,-0.0028368794326240534
493,000815,20260128,20260129,20260203,0,12,2,0,896.5,14.28,3.1,2,0,0,10.94,0.64,2.52,1.61,5.52,5,0.87,202,128,10.15,3,1,1.0,2.08,0.0,13.0,0.0,7.0,2.0,000815_20260128,80,10.0%,7.2,1.7,3,0.0958,1,1,0,0.13432835820895514,-0.018656716417910446,0.0634328358208955
494,605289,20260128,20260129,20260202,1,20,7,1,579.1,74.8,2.2,2,0,100,2.03,0.22,1.17,0.84,2.47,4,0.67,202,128,10.15,3,1,0.0,0.64,0.0,9.0,0.0,13.0,2.0,605289_20260128,69,7.7%,1.3,2.1,2,0.0152,0,1,1,0.08957219251336902,-0.022727272727272766,0.075
495,605376,20260128,20260129,20260203,0,15,9,1,2088.9,89.54,6.8,3,1,7,7.01,3.56,0.99,0.87,32.94,7,0.95,202,128,10.15,3,1,0.0,3.11,0.0,5.0,0.0,40.0,3.0,605376_20260128,74,7.2%,2.5,2.0,3,0.013300000000000001,0,1,0,0.07206703910614529,-0.06391061452513966,0.04011173184357546
496,002207,20260129,20260130,20260204,0,13,0,0,1338.1,11.18,4.2,5,1,0,5.12,1.66,1.53,1.32,13.02,6,1.0,184,132,10.29,1,1,1.0,2.08,0.0,13.0,0.0,7.0,2.0,002207_20260129,85,10.0%,8.0,2.1,3,-0.13470000000000001,0,0,0,-0.10512597741094692,-0.21720243266724587,-0.13032145960034752
497,600986,20260129,20260130,20260204,1,10,1,0,8723.1,13.78,29.0,2,0,0,13.23,3.34,1.75,1.56,14.52,5,0.64,184,132,10.29,1,1,1.0,2.08,0.0,13.0,0.0,7.0,2.0,600986_20260129,85,10.0%,5.7,4.2,3,0.0911,1,1,1,0.2180339985218035,-0.06873614190687359,0.036215816703621596
498,601579,20260129,20260130,20260204,0,7,0,0,564.6,22.98,2.1,3,0,0,1.67,0.27,1.24,1.26,2.42,5,0.39,184,132,10.29,1,1,1.0,2.08,0.0,13.0,0.0,7.0,2.0,601579_20260129,80,10.0%,10.2,1.6,3,-0.0348,0,0,0,-0.014347826086956448,-0.08869565217391301,-0.046521739130434794
499,605289,20260130,20260202,20260205,0,20,7,1,779.8,80.41,2.8,2,1,0,18.81,1.09,2.97,2.33,8.49,4,0.53,126,86,10.34,1,1,2.0,3.85,0.0,9.0,0.0,2.0,2.0,605289_20260130,85,10.0%,9.5,2.3,3,-0.1215,0,0,0,-0.002538071065989884,-0.13388324873096444,-0.06091370558375631
500,002471,20260203,20260204,20260210,1,20,2,1,7773.8,9.47,27.3,4,1,0,9.71,1.47,1.25,0.67,18.63,5,0.79,292,138,9.82,2,1,2.0,2.82,1.0,22.0,0.0,3.0,1.0,002471_20260203,85,10.0%,10.1,2.5,4,0.04650000000000001,0,1,1,0.15638297872340412,-0.057446808510638395,0.013829787234042447
501,002826,20260203,20260204,20260209,0,6,3,2,387.4,20.98,1.4,7,0,100,-4.35,-0.35,0.78,1.01,-0.54,5,0.55,292,138,9.82,2,1,0.0,1.4,0.0,32.0,0.0,34.0,0.0,002826_20260203,61,9.3%,5.8,1.9,3,0.006500000000000001,0,1,0,0.049523809523809484,0.0,0.021904761904761944
502,605376,20260203,20260204,20260209,0,15,9,1,2638.1,91.0,9.0,3,0,11,-4.07,2.46,0.93,1.8,13.68,6,0.49,292,138,9.82,2,1,0.0,4.74,0.0,5.0,0.0,45.0,0.0,605376_20260203,64,8.5%,0.2,1.9,3,0.1273,1,1,0,0.171304347826087,0.021739130434782608,0.07391304347826085
503,001316,20260204,20260205,20260210,0,9,3,0,962.3,60.28,3.0,4,1,1,0.24,1.62,0.94,0.83,28.15,6,1.0,139,84,10.11,1,1,1.0,2.08,0.0,13.0,0.0,7.0,2.0,001316_20260204,79,7.0%,0.3,3.0,3,-0.051100000000000007,0,0,0,0.04993297587131362,-0.08512064343163536,-0.005361930294906171
504,002300,20260204,20260205,20260210,0,13,1,0,1789.7,9.56,7.2,4,0,0,-8.75,-1.6,0.65,0.4,-8.86,4,0.26,139,84,10.11,1,1,1.0,2.08,0.0,13.0,0.0,7.0,2.0,002300_20260204,57,10.0%,2.5,1.3,3,-0.0443,0,0,0,-0.01151832460732997,-0.055497382198953,-0.0314136125654451
505,600330,20260204,20260205,20260210,1,24,6,1,5596.8,16.94,18.1,2,1,0,-0.6,1.55,1.35,1.32,26.93,6,1.0,139,84,10.11,1,1,1.0,0.83,1.0,11.0,0.0,7.0,2.0,600330_20260204,80,10.0%,4.3,2.6,3,0.08380000000000001,1,1,1,0.1803797468354429,-0.022151898734177305,-0.018987341772151944
506,002342,20260206,20260209,20260212,0,20,3,2,11077.2,20.38,31.5,6,1,2,1.88,3.61,0.84,1.75,35.1,6,0.94,112,77,9.9,1,1,1.0,0.32,1.0,46.0,0.0,7.0,2.0,002342_20260206,79,7.9%,4.8,3.0,3,-0.114,0,0,0,0.11099585062240666,-0.11047717842323664,0.025933609958506222
507,601231,20260206,20260209,20260213,1,13,1,0,4991.1,36.5,17.4,2,1,5,-0.59,1.32,0.98,1.54,11.35,4,0.63,112,77,9.9,1,1,1.0,2.08,0.0,13.0,0.0,7.0,2.0,601231_20260206,69,7.8%,1.3,2.1,4,0.0805,1,1,1,0.12633832976445394,-0.025695931477516084,0.0117773019271948
508,603232,20260206,20260209,20260212,0,13,2,0,1876.4,27.08,6.9,2,0,19,5.56,0.68,1.47,0.97,6.71,5,0.92,112,77,9.9,1,1,1.0,2.08,0.0,13.0,0.0,7.0,2.0,603232_20260206,69,8.0%,0.9,2.1,3,-0.0128,0,0,0,0.027777777777777776,-0.03407407407407414,-0.009259259259259259
509,002015,20260209,20260210,20260213,0,9,2,0,1543.7,13.27,5.3,4,0,0,11.85,0.65,2.12,1.37,9.41,4,1.0,241,138,10.56,1,1,1.0,2.08,0.0,13.0,0.0,7.0,2.0,002015_20260209,85,10.0%,6.4,2.4,3,-0.08990000000000001,0,0,0,-0.020454545454545423,-0.08863636363636364,-0.05681818181818182
510,600172,20260209,20260210,20260213,0,27,11,3,3561.6,8.18,12.3,3,0,0,-4.89,1.31,0.69,1.2,15.42,5,0.62,241,138,10.56,1,1,2.0,2.66,1.0,46.0,0.0,3.0,2.0,600172_20260209,70,9.9%,5.9,1.1,3,-0.006,0,0,0,0.06592039800995039,-0.022388059701492394,-0.011194029850746141
511,605060,20260209,20260210,20260213,0,14,3,1,969.3,52.75,3.1,2,1,0,2.53,1.66,1.09,1.82,16.45,5,0.83,241,138,10.56,1,1,2.0,2.66,1.0,46.0,0.0,3.0,2.0,605060_20260209,80,10.0%,6.7,1.5,3,0.1131,1,1,0,0.1962264150943396,0.0330188679245283,0.09433962264150944
512,002181,20260210,20260211,20260225,0,20,6,0,4008.9,13.23,14.1,4,0,0,-0.06,0.83,0.89,0.73,9.35,5,0.67,113,77,10.41,0,1,1.0,2.08,0.0,13.0,0.0,7.0,2.0,002181_20260210,70,10.0%,1.9,1.7,10,-0.1341,0,0,0,-0.06530291109362707,-0.16522423288749027,-0.09047993705743511
513,600875,20260210,20260211,20260213,1,11,0,0,7134.4,31.17,24.7,3,1,1,11.93,0.63,2.33,1.32,7.91,4,1.0,113,77,10.41,0,1,1.0,2.08,0.0,13.0,0.0,7.0,2.0,600875_20260210,84,8.3%,5.9,3.1,2,0.0356,0,1,1,0.09752120026092624,0.006849315068493178,0.09752120026092624
514,603598,20260210,20260211,20260225,0,13,3,0,3948.8,31.3,14.2,3,0,0,-3.08,0.35,0.69,0.94,11.4,5,0.61,113,77,10.41,0,1,1.0,2.08,0.0,13.0,0.0,7.0,2.0,603598_20260210,72,10.0%,4.4,3.3,10,-0.1949,0,0,0,-0.030940988835725755,-0.20574162679425845,-0.06539074960127593
515,600545,20260211,20260212,20260226,1,22,9,1,265.8,2.98,1.0,1,0,0,11.04,0.55,1.61,2.44,5.89,4,0.61,96,62,9.79,2,1,3.0,0.34,1.0,33.0,1.0,2.0,3.0,600545_20260211,80,10.0%,3.1,3.3,10,0.1764,1,1,1,0.25605536332179923,-0.01730103806228383,0.0207612456747405
516,002080,20260212,20260213,20260225,0,17,8,2,7396.0,49.87,24.4,2,1,0,-7.54,0.02,0.67,1.27,8.34,6,1.0,146,92,10.2,2,1,1.0,2.23,1.0,5.0,0.0,8.0,3.0,002080_20260212,85,10.0%,7.0,2.3,8,0.027000000000000003,0,1,0,0.04431521957088432,-0.015039101664327252,0.03749749348305604
517,002378,20260212,20260213,20260302,1,11,2,0,7145.4,30.4,21.4,2,1,0,-3.77,1.72,0.86,1.23,15.46,4,1.0,146,92,10.2,2,1,1.0,2.08,0.0,13.0,0.0,7.0,2.0,002378_20260212,65,10.0%,0.4,1.4,11,0.39280000000000004,1,1,1,0.4191293295201779,-0.03400063552589769,-0.030823006037495992
518,002520,20260212,20260213,20260225,0,9,5,2,449.2,6.71,1.7,2,0,0,1.26,0.46,1.28,1.46,2.75,4,0.72,146,92,10.2,2,1,5.0,1.8,0.0,46.0,1.0,1.0,2.0,002520_20260212,85,10.0%,10.2,2.5,8,0.036699999999999997,0,1,0,0.06557377049180334,0.0,0.010432190760059655
519,002842,20260212,20260213,20260225,0,21,8,2,5963.5,38.51,16.2,2,1,0,-6.81,2.61,0.77,1.68,24.51,5,1.0,146,92,10.2,2,1,2.0,3.78,1.0,9.0,0.0,4.0,3.0,002842_20260212,80,10.0%,3.6,2.2,8,-0.0059,0,0,0,0.033785581271614684,-0.05187549880287318,-0.046288906624102205
520,002885,20260212,20260213,20260225,0,17,5,0,1560.0,29.22,6.0,3,0,0,-9.54,0.16,0.51,0.36,2.98,5,0.43,146,92,10.2,2,1,1.0,2.26,0.0,9.0,0.0,14.0,2.0,002885_20260212,70,10.0%,5.4,1.2,8,0.0311,0,1,0,0.04559478916695229,0.010627356873500127,0.02708261912924234
521,601872,20260212,20260213,20260226,1,12,3,1,3551.9,13.22,12.3,1,1,0,-4.61,1.09,0.75,0.85,9.37,5,0.75,146,92,10.2,2,1,2.0,4.46,0.0,4.0,0.0,3.0,2.0,601872_20260212,65,10.0%,3.7,1.0,9,0.17920000000000003,1,1,1,0.1971190295678544,-0.0053070507960576415,0.016679302501895425
522,000545,20260225,20260226,20260303,0,13,4,2,529.1,3.42,1.9,2,0,0,8.56,0.35,1.51,1.16,8.41,6,1.0,168,113,10.51,3,1,1.0,2.44,0.0,15.0,0.0,8.0,1.0,000545_20260225,85,10.0%,7.9,2.1,3,-0.0064,0,0,0,0.06896551724137938,-0.022988505747126457,0.011494252873563229
523,000962,20260225,20260226,20260303,0,15,4,1,3836.5,51.32,12.8,2,1,0,0.18,1.24,1.26,1.44,9.05,4,0.66,168,113,10.51,3,1,3.0,6.92,1.0,9.0,1.0,1.0,1.0,000962_20260225,65,10.0%,1.6,1.2,3,-0.0204,0,0,0,0.12878930521559034,-0.02090001882884578,0.10732442101299196
524,002008,20260225,20260226,20260303,0,11,6,1,6098.8,63.38,20.0,1,1,100,7.84,1.54,2.21,3.16,16.14,4,0.95,168,113,10.51,3,1,1.0,2.08,0.0,13.0,0.0,7.0,2.0,002008_20260225,69,7.7%,6.3,1.4,3,0.0956,1,1,0,0.1837753510140406,0.07207488299531989,0.12792511700468023
525,002498,20260225,20260226,20260303,0,17,3,0,5763.1,8.2,16.9,4,1,0,-1.48,2.14,1.39,3.08,25.13,6,1.0,168,113,10.51,3,1,1.0,2.08,0.0,13.0,0.0,7.0,2.0,002498_20260225,85,10.1%,4.3,3.5,3,-0.0968,0,0,0,0.036809815950920116,-0.09815950920245407,0.013496932515337352
526,002811,20260225,20260226,20260303,0,6,0,0,356.8,17.75,1.2,5,1,0,1.66,0.81,1.11,1.6,11.54,4,1.0,168,113,10.51,3,1,1.0,2.08,0.0,13.0,0.0,7.0,2.0,002811_20260225,65,10.0%,2.7,1.2,3,-0.17420000000000002,0,0,0,-0.006197183098591517,-0.171830985915493,-0.045070422535211305
527,603601,20260225,20260226,20260303,0,24,3,0,5788.2,13.02,20.4,6,0,0,-2.24,-1.2,1.02,0.73,-6.24,3,0.46,168,113,10.51,3,1,1.0,2.08,0.0,13.0,0.0,7.0,2.0,603601_20260225,70,10.0%,5.7,1.4,3,-0.12560000000000002,0,0,0,0.03893129770992365,-0.12213740458015265,0.0
528,000010,20260226,20260227,20260305,1,11,0,0,282.7,4.07,1.0,3,0,0,-5.65,-0.18,0.83,1.06,3.17,4,0.62,153,98,10.39,2,1,1.0,2.08,0.0,13.0,0.0,7.0,2.0,000010_20260226,75,10.0%,6.7,1.5,4,0.0579,1,1,1,0.12285012285012284,-0.05896805896805902,0.024570024570024482
529,600410,20260226,20260227,20260304,0,19,1,1,14597.9,27.27,47.9,2,1,0,4.7,1.52,1.53,2.43,13.29,6,0.75,153,98,10.39,2,1,1.0,2.08,0.0,13.0,0.0,7.0,2.0,600410_20260226,75,10.0%,9.0,1.3,3,0.0621,1,1,0,0.14154748808214154,-0.010634396773010603,0.09937660432709941
530,603269,20260226,20260227,20260304,0,12,5,1,400.3,13.63,1.5,2,0,0,-13.48,-0.27,0.46,0.34,-2.11,4,0.2,153,98,10.39,2,1,2.0,2.29,1.0,46.0,0.0,4.0,2.0,603269_20260226,80,9.7%,5.4,2.4,3,0.054299999999999994,1,1,0,0.10740740740740735,-0.022222222222222275,0.0718518518518519
531,002015,20260227,20260302,20260305,0,9,2,0,2539.6,14.16,8.8,4,0,0,-2.92,0.74,0.8,0.4,17.34,5,0.83,143,97,10.25,2,1,1.0,2.08,0.0,13.0,0.0,7.0,2.0,002015_20260227,70,10.0%,0.0,1.8,3,0.024700000000000003,0,1,0,0.0883417813178855,-0.029688631426502545,0.023171614771904436
532,002842,20260227,20260302,20260305,0,21,8,2,6425.6,41.56,19.0,2,1,0,5.24,3.88,1.27,0.47,39.87,7,0.84,143,97,10.25,2,1,7.0,9.52,1.0,9.0,1.0,1.0,3.0,002842_20260227,70,10.0%,3.0,1.0,3,-0.0339,0,0,0,0.12450730350104329,-0.044980292140041844,0.012752144678877744
533,002356,20260302,20260303,20260306,0,12,1,0,633.1,4.64,2.2,3,0,0,10.08,0.2,1.89,2.56,7.16,5,1.0,222,149,10.51,2,1,1.0,2.08,0.0,13.0,0.0,7.0,2.0,002356_20260302,85,9.9%,8.9,2.5,3,-0.055,0,0,0,-0.027896995708154484,-0.10944206008583686,-0.06437768240343343
534,002432,20260302,20260303,20260306,0,16,8,3,1950.1,48.83,7.0,1,1,0,13.99,0.71,1.75,3.45,5.82,5,0.62,222,149,10.51,2,1,1.0,2.08,0.0,13.0,0.0,7.0,2.0,002432_20260302,85,10.0%,5.0,4.7,3,-0.0074,0,0,0,0.05626650416412763,-0.020922201909404716,0.03575055860247827
535,002629,20260302,20260303,20260306,0,13,3,0,566.8,7.37,2.0,2,0,0,4.98,0.76,1.11,0.95,7.02,5,0.72,222,149,10.51,2,1,1.0,2.08,0.0,13.0,0.0,7.0,2.0,002629_20260302,80,10.0%,5.2,2.4,3,-0.1069,0,0,0,0.0402684563758389,-0.1140939597315437,-0.02013422818791951
536,603115,20260302,20260303,20260306,0,25,10,1,761.1,30.91,2.5,3,1,0,4.73,2.48,1.11,0.99,22.71,5,0.86,222,149,10.51,2,1,2.0,1.06,1.0,22.0,0.0,6.0,2.0,603115_20260302,70,10.0%,3.4,1.7,3,-0.0681,0,0,0,0.03360258481421645,-0.09531502423263326,-0.031017770597738317
537,600714,20260303,20260304,20260309,0,11,5,0,905.8,21.74,2.8,2,1,0,3.17,2.59,1.12,3.19,26.69,5,1.0,145,119,11.77,1,1,1.0,2.08,0.0,13.0,0.0,7.0,2.0,600714_20260303,75,10.0%,5.5,1.6,3,0.0451,0,1,0,0.2071428571428572,-0.016666666666666736,0.1328571428571428
538,605196,20260304,20260305,20260310,0,12,3,2,1705.8,54.34,5.8,1,1,0,6.77,1.31,1.22,2.38,10.79,4,0.71,105,63,10.32,0,1,1.0,3.04,1.0,22.0,0.0,5.0,2.0,605196_20260304,80,10.0%,8.7,1.6,3,-0.06309999999999999,0,0,0,-0.020707964601769942,-0.13044247787610616,-0.0915044247787611
539,000509,20260305,20260306,20260311,0,14,6,0,145.5,3.63,0.6,2,0,0,4.92,-0.49,1.43,2.0,-5.99,5,0.25,173,103,10.56,2,1,1.0,2.08,0.0,13.0,0.0,7.0,2.0,000509_20260305,62,10.0%,2.2,1.5,3,0.0842,1,1,0,0.13698630136986314,0.04931506849315073,0.060273972602739784
540,000547,20260305,20260306,20260311,0,19,3,1,23120.4,31.61,88.4,5,0,6,1.06,0.94,0.95,1.34,5.77,6,0.44,173,103,10.56,2,1,1.0,2.08,0.0,13.0,0.0,7.0,2.0,000547_20260305,69,7.7%,7.8,1.4,3,0.0641,1,1,0,0.0993589743589743,0.0032051282051282506,0.028846153846153914
541,001267,20260305,20260306,20260311,1,22,3,0,4561.4,36.96,15.0,2,1,0,2.8,1.85,1.65,1.25,15.77,5,0.71,173,103,10.56,2,1,1.0,2.08,0.0,13.0,0.0,7.0,2.0,001267_20260305,70,10.0%,0.9,1.6,3,0.34869999999999995,1,1,1,0.3756540897824291,-0.008537592949600723,0.14376204902230785
542,002490,20260305,20260306,20260311,0,21,6,3,1934.3,12.7,5.6,7,1,1,5.76,4.18,0.92,2.55,38.26,6,1.0,173,103,10.56,2,1,2.0,2.19,1.0,33.0,0.0,4.0,0.0,002490_20260305,69,8.4%,4.7,1.4,3,-0.066,0,0,0,0.13348946135831374,-0.14207650273224046,0.033567525370804034
543,002733,20260305,20260306,20260312,1,11,5,0,821.8,24.48,2.9,1,0,0,17.87,1.81,2.16,1.27,11.42,5,0.58,173,103,10.56,2,1,1.0,2.08,0.0,13.0,0.0,7.0,2.0,002733_20260305,65,10.0%,0.7,1.1,4,0.024900000000000002,0,1,1,0.0832999599519424,-0.07849419303163786,-0.05566680016019226
544,000534,20260309,20260310,20260313,0,14,1,0,2873.8,45.36,8.9,2,1,0,1.17,1.19,1.03,0.77,24.91,5,0.93,109,76,10.9,0,1,1.0,2.08,0.0,13.0,0.0,7.0,2.0,000534_20260309,70,10.0%,0.1,1.8,3,-0.14029999999999998,0,0,0,0.013191489361702073,-0.14404255319148943,-0.012765957446808541
545,000973,20260309,20260310,20260313,0,11,3,1,1939.5,14.5,7.1,1,0,0,-8.18,-1.03,0.64,0.58,-4.83,3,0.28,109,76,10.9,0,1,1.0,-0.69,0.0,21.0,0.0,7.0,2.0,000973_20260309,57,10.0%,0.2,1.1,3,0.16670000000000001,1,1,0,0.21667805878332191,0.0,0.08680792891319204
546,001332,20260310,20260311,20260316,0,9,2,0,309.9,65.55,1.1,2,0,0,14.01,-0.1,2.55,1.81,3.49,4,0.77,207,108,9.92,3,1,1.0,2.08,0.0,13.0,0.0,7.0,2.0,001332_20260310,80,10.0%,7.5,1.6,3,-0.12279999999999999,0,0,0,-0.023478390907731527,-0.12516823687752363,-0.08329594736055043
547,002290,20260310,20260311,20260316,0,10,4,1,883.3,67.21,3.2,2,1,0,0.33,-0.44,1.03,1.4,-4.63,5,0.33,207,108,9.92,3,1,1.0,3.46,0.0,10.0,0.0,12.0,2.0,002290_20260310,57,10.0%,1.6,1.0,3,-0.0415,0,0,0,0.008076577924020435,-0.0574334430152557,-0.016900987137301756
548,603115,20260310,20260311,20260316,0,25,10,1,891.3,32.0,3.1,3,1,0,1.18,0.56,0.91,0.93,5.53,4,0.56,207,108,9.92,3,1,3.0,4.96,1.0,22.0,1.0,2.0,2.0,603115_20260310,65,10.0%,2.4,1.0,3,-0.009300000000000001,0,0,0,0.01651881309268887,-0.07035790761700818,-0.01651881309268887
549,600172,20260311,20260312,20260317,0,27,11,3,5852.4,11.09,19.0,3,1,0,-4.65,0.62,0.78,0.99,14.44,4,0.92,114,77,10.05,0,1,2.0,-0.54,1.0,46.0,0.0,2.0,2.0,600172_20260311,70,10.0%,0.7,1.7,3,-0.1856,0,0,0,-0.016071428571428546,-0.18214285714285708,-0.07857142857142849
550,600722,20260311,20260312,20260316,1,15,2,1,3892.2,14.0,12.1,4,0,0,10.26,4.1,1.7,1.82,26.51,5,0.62,114,77,10.05,0,1,1.0,2.08,0.0,13.0,0.0,7.0,2.0,600722_20260311,85,10.0%,6.5,2.7,2,0.2646,1,1,1,0.2839421088904204,0.09510682288077194,0.16747070985527232
551,600769,20260311,20260312,20260317,0,11,6,1,392.1,15.02,1.4,2,0,0,9.35,-0.32,1.79,1.41,3.97,5,0.97,114,77,10.05,0,1,1.0,0.15,0.0,11.0,0.0,4.0,2.0,600769_20260311,90,10.0%,9.9,3.3,3,-0.056799999999999996,0,0,0,-0.005326231691078567,-0.06724367509986683,-0.04926764314247671
552,603757,20260311,20260312,20260317,0,22,6,3,1145.0,47.43,4.2,6,0,0,-9.07,-1.08,0.68,1.3,-2.88,4,0.5,114,77,10.05,0,1,2.0,-0.54,1.0,46.0,0.0,2.0,2.0,603757_20260311,57,10.0%,2.4,1.2,3,-0.0848,0,0,0,0.07676348547717833,-0.0854771784232366,0.017634854771784114
553,600714,20260312,20260313,20260318,0,11,5,0,1668.8,23.79,5.8,2,0,0,10.17,2.49,1.26,0.7,27.97,7,0.58,107,70,10.1,0,1,1.0,2.08,0.0,13.0,0.0,7.0,2.0,600714_20260312,90,10.0%,8.9,3.1,3,-0.0636,0,0,0,0.11805841217605928,-0.0662278897573015,0.04072398190045257
554,600408,20260313,20260316,20260318,1,22,1,0,718.0,4.13,2.7,5,0,0,-3.7,-0.79,0.7,0.61,-3.7,5,0.3,86,70,10.19,0,1,1.0,2.08,0.0,13.0,0.0,7.0,2.0,600408_20260313,62,10.1%,2.9,1.5,2,0.0304,0,1,1,0.07506053268765145,-0.050847457627118633,0.041162227602905554
555,603538,20260313,20260316,20260319,0,17,7,4,469.7,25.37,1.7,2,0,0,2.65,0.97,1.09,1.45,3.6,5,0.82,86,70,10.19,0,1,1.0,0.66,0.0,32.0,0.0,5.0,1.0,603538_20260313,75,10.0%,7.8,1.2,3,-0.0059,0,0,0,0.060307449743791784,-0.05400078833267643,0.03902246748127704
556,002636,20260316,20260317,20260320,0,24,7,1,3131.0,31.96,10.6,5,1,0,2.28,0.74,1.59,1.73,7.02,4,0.81,119,71,10.87,0,1,1.0,2.08,0.0,13.0,0.0,7.0,2.0,002636_20260316,70,10.0%,5.3,1.0,3,-0.051,0,0,0,0.0651247717589775,-0.05051734631771151,0.05903834449178325
557,002990,20260316,20260317,20260320,0,14,8,2,231.0,28.95,0.9,1,0,0,-9.9,0.39,0.7,0.71,-0.69,5,0.42,119,71,10.87,0,1,1.0,1.33,0.0,15.0,0.0,4.0,0.0,002990_20260316,70,10.0%,4.9,1.2,3,0.0017000000000000001,0,1,0,0.0483592400690847,-0.02590673575129534,-0.009671848013816842
558,600152,20260316,20260317,20260320,0,13,5,1,1255.1,10.75,4.3,2,1,0,-3.39,0.48,0.94,0.68,5.57,5,0.73,119,71,10.87,0,1,1.0,1.41,0.0,11.0,0.0,11.0,2.0,600152_20260316,65,10.0%,1.4,1.4,3,-0.15810000000000002,0,0,0,-0.03351955307262564,-0.16108007448789574,-0.06797020484171326
559,605299,20260316,20260317,20260323,1,15,1,0,328.6,13.9,1.2,4,0,0,0.65,0.82,1.3,0.73,4.36,6,0.76,119,71,10.87,0,1,1.0,2.08,0.0,13.0,0.0,7.0,2.0,605299_20260316,75,10.0%,9.7,1.2,4,0.0519,1,1,1,0.12167026637868966,-0.04103671706263501,0.012239020878329728
560,002256,20260317,20260318,20260323,1,13,3,0,1055.3,4.27,3.8,4,1,0,9.28,1.1,1.56,0.94,7.94,6,0.64,65,44,10.37,0,0,1.0,2.08,0.0,13.0,0.0,7.0,2.0,002256_20260317,80,10.1%,9.4,1.8,3,0.0379,0,1,1,0.10344827586206902,-0.07126436781609187,-0.06206896551724129
561,600370,20260317,20260318,20260323,0,14,1,0,941.7,3.3,3.0,4,1,0,16.77,3.22,3.16,2.53,33.13,5,1.0,65,44,10.37,0,0,1.0,2.08,0.0,13.0,0.0,7.0,2.0,600370_20260317,85,10.0%,6.0,3.8,3,-0.2118,0,0,0,0.1488095238095238,-0.20833333333333326,-0.020833333333333287
562,600408,20260317,20260318,20260323,0,22,1,0,877.7,4.3,3.2,5,0,0,2.71,0.18,1.75,0.95,-3.51,5,0.52,65,44,10.37,0,0,1.0,2.08,0.0,13.0,0.0,7.0,2.0,600408_20260317,75,10.0%,8.3,1.1,3,-0.0058,0,0,0,0.043478260869565105,-0.0823798627002289,0.018306636155606425
563,603929,20260317,20260318,20260323,0,26,5,2,2097.3,170.4,7.1,3,1,0,3.91,0.89,1.39,1.46,17.03,5,1.0,65,44,10.37,0,0,2.0,2.41,0.0,9.0,0.0,1.0,2.0,603929_20260317,80,10.0%,8.8,1.8,3,-0.0036,0,0,0,0.09136413324894997,-0.008687647431102875,0.009723261032161543
564,600186,20260319,20260320,20260325,1,14,9,1,2539.9,7.11,9.1,1,0,0,-4.3,0.26,0.79,0.53,12.25,6,0.68,57,44,10.71,0,0,1.0,3.32,1.0,2.0,0.0,7.0,3.0,600186_20260319,72,10.1%,2.0,3.6,3,0.015300000000000001,0,1,1,0.049275362318840554,-0.11739130434782616,-0.10869565217391304
565,600996,20260319,20260320,20260325,0,11,3,0,663.2,9.5,2.4,3,0,0,9.66,0.6,2.29,1.46,7.39,6,0.72,57,44,10.71,0,0,1.0,2.08,0.0,13.0,0.0,7.0,2.0,600996_20260319,85,9.9%,7.5,2.1,3,0.015700000000000002,0,1,0,0.028753993610223596,-0.05431309904153352,-0.015974440894568728
566,600376,20260323,20260324,20260327,0,26,3,2,1285.8,5.87,4.8,6,0,0,-3.84,-0.29,0.73,0.7,6.77,5,0.49,66,52,13.47,0,0,1.0,-5.32,0.0,14.0,0.0,1.0,0.0,600376_20260323,57,9.9%,2.2,1.3,3,-0.12380000000000001,0,0,0,-0.015254237288135719,-0.15254237288135597,-0.04067796610169495
567,603906,20260324,20260325,20260330,0,9,3,0,867.9,19.9,3.2,2,0,100,6.11,-0.22,1.4,0.99,3.46,6,0.58,367,145,9.17,0,0,0.0,2.74,0.0,11.0,0.0,68.0,1.0,603906_20260324,61,7.2%,3.2,1.6,3,0.1231,1,1,0,0.17487437185929652,0.006532663316583044,0.05125628140703534
568,002082,20260325,20260326,20260330,1,17,0,0,838.9,21.52,2.9,3,1,1,4.57,0.31,1.4,1.04,4.8,4,1.0,188,112,9.69,1,0,1.0,2.08,0.0,13.0,0.0,7.0,2.0,002082_20260325,69,8.7%,7.3,1.4,2,0.2511,1,1,1,0.3089579524680074,0.053016453382084106,0.190127970749543
569,002192,20260325,20260326,20260330,1,12,4,1,2479.1,64.46,8.9,2,0,0,7.44,-0.55,1.67,1.48,2.87,5,0.81,188,112,9.69,1,0,1.0,3.82,1.0,4.0,0.0,17.0,1.0,002192_20260325,72,10.0%,7.1,2.0,2,0.21899999999999997,1,1,1,0.25917089173874136,0.08440202803459583,0.16313748881598564
570,600537,20260325,20260326,20260331,0,14,1,0,1605.7,3.93,5.8,2,0,1,0.85,0.37,1.07,0.71,11.14,5,0.71,188,112,9.69,1,0,1.0,2.08,0.0,13.0,0.0,7.0,2.0,600537_20260325,74,7.7%,6.7,1.7,3,-0.0599,0,0,0,0.01282051282051289,-0.06410256410256411,-0.0051282051282051325
571,603115,20260326,20260327,20260401,0,25,10,1,1249.8,39.48,4.1,3,1,2,0.68,1.15,1.02,1.88,13.57,5,0.83,71,47,9.68,0,0,0.0,-1.25,1.0,22.0,0.0,32.0,2.0,603115_20260326,79,8.7%,6.2,2.4,3,0.2134,1,1,0,0.2558441558441559,0.07922077922077915,0.1732467532467533
572,603937,20260326,20260327,20260402,1,11,5,0,211.6,14.32,0.8,1,1,0,12.16,-1.05,2.02,1.89,1.34,3,0.71,71,47,9.68,0,0,1.0,2.08,0.0,13.0,0.0,7.0,2.0,603937_20260326,67,10.0%,3.1,2.2,4,0.07780000000000001,1,1,1,0.11786237188872617,-0.01098096632503663,0.06734992679355782
573,002263,20260327,20260330,20260401,1,11,3,0,696.7,4.07,2.5,5,0,0,2.51,-0.85,1.04,2.19,2.59,5,0.97,168,104,9.74,2,0,1.0,2.08,0.0,13.0,0.0,7.0,2.0,002263_20260327,72,10.0%,7.1,2.0,2,0.0277,0,1,1,0.08153477218225416,-0.03836930455635495,0.08153477218225416
574,002361,20260327,20260330,20260401,1,26,3,1,3674.8,13.64,13.7,8,0,0,-0.09,-1.13,1.1,0.91,-0.98,5,0.61,168,104,9.74,2,0,1.0,2.08,0.0,13.0,0.0,7.0,2.0,002361_20260327,77,10.0%,8.7,2.5,2,0.268,1,1,1,0.34629768137621547,0.18399401645474953,0.23410620792819753
575,002428,20260327,20260330,20260402,0,19,8,1,8818.7,51.36,30.8,2,1,0,12.27,1.33,2.24,1.22,9.25,4,0.76,168,104,9.74,2,0,2.0,4.34,1.0,9.0,0.0,5.0,2.0,002428_20260327,65,10.0%,4.3,1.2,3,-0.0787,0,0,0,0.028037383177570048,-0.1022196261682243,-0.04770249221183806
576,002940,20260327,20260330,20260402,1,19,5,2,351.7,31.16,1.4,4,0,100,2.13,-0.79,1.16,2.06,-4.25,3,0.48,168,104,9.74,2,0,5.0,5.83,0.0,32.0,1.0,1.0,2.0,002940_20260327,61,7.0%,5.9,1.2,3,0.1886,1,1,1,0.24142437112054888,0.0127409343351846,0.03593596863770015
577,600488,20260327,20260330,20260408,1,16,8,3,111.2,4.33,0.4,1,0,0,2.21,-1.1,0.91,2.94,-6.37,3,0.45,168,104,9.74,2,0,5.0,5.83,0.0,32.0,1.0,1.0,2.0,600488_20260327,72,9.9%,2.6,3.7,7,0.6962999999999999,1,1,1,0.94919168591224,0.14780600461893756,0.210161662817552
578,600539,20260327,20260330,20260402,0,16,8,2,503.6,14.21,1.7,2,0,0,18.77,0.28,2.93,2.69,8.1,5,0.83,168,104,9.74,2,0,1.0,8.14,0.0,3.0,0.0,17.0,2.0,600539_20260327,75,10.0%,0.2,2.4,3,-0.011899999999999999,0,0,0,0.11189303307529906,-0.02251935256861367,0.03237156931738206
579,000753,20260330,20260331,20260403,0,12,0,0,468.3,7.21,1.8,2,0,0,10.77,-0.54,2.05,1.33,-5.75,2,0.49,137,91,11.12,1,0,1.0,2.08,0.0,13.0,0.0,7.0,2.0,000753_20260330,75,10.1%,7.9,1.3,3,-0.0189,0,0,0,0.037815126050420235,-0.019607843137254857,-0.009803921568627368
580,600513,20260330,20260331,20260403,0,15,2,2,1120.7,28.17,3.7,3,0,0,7.1,1.58,1.38,1.57,19.52,6,1.0,137,91,11.12,1,0,1.0,2.08,0.0,13.0,0.0,7.0,2.0,600513_20260330,70,10.0%,4.3,1.0,3,0.0016,0,1,0,0.17175018155410327,-0.0014524328249818136,0.10021786492374733
581,603017,20260330,20260331,20260403,0,13,2,0,869.6,15.76,3.0,3,1,0,8.54,0.81,1.78,2.02,7.6,3,0.65,137,91,11.12,1,0,1.0,2.08,0.0,13.0,0.0,7.0,2.0,603017_20260330,80,10.0%,6.9,1.9,3,-0.106,0,0,0,0.1080246913580247,-0.10246913580246915,0.08456790123456796
582,603023,20260330,20260331,20260403,0,10,1,0,198.0,5.33,0.7,2,0,42,1.95,-0.5,0.84,1.22,-2.07,4,0.73,137,91,11.12,1,0,1.0,2.08,0.0,13.0,0.0,7.0,2.0,603023_20260330,64,7.7%,4.3,1.3,3,-0.1356,0,0,0,0.018867924528301987,-0.13584905660377355,0.011320754716981227
583,603716,20260330,20260331,20260403,0,15,1,1,1094.7,22.75,4.3,4,0,0,-1.58,-1.71,0.88,0.54,-12.32,3,0.25,137,91,11.12,1,0,1.0,2.08,0.0,13.0,0.0,7.0,2.0,603716_20260330,57,10.0%,0.7,1.0,3,0.008100000000000001,0,1,0,0.11030042918454937,-0.011587982832618008,0.058369098712446325
584,002995,20260331,20260401,20260409,1,18,5,1,1057.5,24.66,4.1,2,0,0,-9.32,-2.21,0.61,0.68,-13.9,3,0.21,80,68,11.86,0,0,1.0,1.77,0.0,4.0,0.0,9.0,2.0,002995_20260331,57,10.0%,6.1,1.0,6,-0.0178,0,0,1,0.003174603174603248,-0.1333333333333333,-0.07619047619047611
585,605162,20260331,20260401,20260403,1,10,2,0,575.6,11.61,2.1,4,1,0,3.29,1.24,1.03,0.9,10.86,6,0.47,80,68,11.86,0,0,1.0,2.08,0.0,13.0,0.0,7.0,2.0,605162_20260331,80,10.1%,5.3,2.4,2,0.08039999999999999,1,1,1,0.3101694915254237,0.07796610169491525,0.1906779661016949
586,002051,20260402,20260403,20260409,1,12,7,1,814.9,9.91,3.0,1,1,0,10.58,0.93,1.77,1.53,7.78,5,0.54,66,42,10.38,1,0,1.0,-0.08,0.0,9.0,0.0,3.0,2.0,002051_20260402,80,10.0%,2.2,3.9,4,0.1605,1,1,1,0.28340080971659903,-0.0010121457489880123,0.06072874493927122
587,601872,20260402,20260403,20260408,0,12,3,1,10331.9,19.47,36.4,2,1,1,-3.99,-0.12,0.79,1.07,2.99,4,0.8,66,42,10.38,1,0,0.0,2.81,1.0,4.0,0.0,24.0,1.0,601872_20260402,79,8.2%,7.5,2.4,3,0.002,0,1,0,0.06084788029925181,-0.04987531172069825,0.010473815461346675
588,002484,20260408,20260409,20260414,0,15,11,2,1806.2,30.97,6.8,2,0,0,-0.03,0.65,0.87,0.47,5.91,6,0.5,785,293,9.26,5,0,4.0,6.86,1.0,22.0,0.0,4.0,1.0,002484_20260408,75,10.0%,7.7,1.0,3,0.0949,1,1,0,0.1092105263157895,-0.04078947368421048,-0.021381578947368376
589,002565,20260408,20260409,20260414,0,19,0,0,8290.9,17.19,31.1,4,0,5,-5.39,-0.15,0.8,0.71,-4.18,4,0.58,785,293,9.26,5,0,1.0,2.08,0.0,13.0,0.0,7.0,2.0,002565_20260408,69,7.3%,3.5,1.9,3,0.011200000000000002,0,1,0,0.02991202346041044,-0.05571847507331374,-0.022873900293255166
590,002916,20260408,20260409,20260414,0,14,3,1,5730.2,237.51,23.1,1,0,0,3.46,-1.15,1.1,0.73,-8.03,4,0.14,785,293,9.26,5,0,4.0,6.86,1.0,22.0,0.0,4.0,1.0,002916_20260408,57,10.0%,2.8,1.2,3,0.2021,1,1,0,0.23143773202834958,0.033580830239622037,0.10542524468444137
591,600186,20260408,20260409,20260414,0,14,9,1,3670.6,7.63,13.3,1,1,0,-5.74,0.15,0.61,0.56,2.82,4,0.55,785,293,9.26,5,0,1.0,4.74,0.0,2.0,0.0,28.0,1.0,600186_20260408,70,9.9%,6.0,1.2,3,-0.0352,0,0,0,0.05423280423280426,-0.04497354497354496,-0.01719576719576718
592,002213,20260409,20260410,20260415,1,15,1,0,2507.9,32.51,9.1,3,0,0,-4.78,-0.96,0.76,0.99,1.08,7,0.6,95,66,9.93,2,0,1.0,2.08,0.0,13.0,0.0,7.0,2.0,002213_20260409,62,10.0%,0.4,1.6,3,0.049699999999999994,0,1,1,0.1508008461770926,-0.011483831973405939,0.04623753399818658
593,002384,20260409,20260410,20260415,0,16,6,2,24569.4,131.9,82.5,2,1,0,-7.29,1.05,0.7,0.95,11.12,4,1.0,95,66,9.93,2,0,1.0,0.52,1.0,22.0,0.0,7.0,2.0,002384_20260409,65,10.0%,0.6,1.1,3,0.09849999999999999,1,1,0,0.14134542705971267,0.084731670445956,0.10982615268329554
594,001309,20260410,20260413,20260416,0,19,4,1,21473.1,447.24,70.2,3,1,0,0.26,0.2,0.96,1.09,7.81,5,0.83,126,81,10.04,1,0,1.0,1.29,1.0,41.0,0.0,14.0,2.0,001309_20260410,70,10.0%,4.2,1.3,3,0.1446,1,1,0,0.1773408863712097,0.06853271131844946,0.11214039764522941
595,600345,20260410,20260413,20260416,0,16,4,0,2325.1,54.36,7.3,2,1,0,4.2,1.8,1.1,1.07,22.67,6,1.0,126,81,10.04,1,0,2.0,-0.23,1.0,21.0,0.0,2.0,3.0,600345_20260410,75,10.0%,8.9,1.4,3,-0.075,0,0,0,-0.007636363636363668,-0.12000000000000002,-0.05
596,600707,20260410,20260413,20260416,0,15,9,3,469.3,7.02,1.7,2,0,0,10.23,0.64,1.93,2.87,12.24,5,1.0,126,81,10.04,1,0,2.0,2.13,0.0,27.0,0.0,3.0,3.0,600707_20260410,70,10.0%,0.7,1.9,3,0.0152,0,1,0,0.07769784172661871,-0.03453237410071945,-0.017266187050359726
597,600749,20260410,20260413,20260417,1,12,1,1,244.5,16.99,0.9,9,0,100,5.39,-0.03,1.39,1.38,0.09,5,0.33,126,81,10.04,1,0,0.0,2.71,0.0,3.0,0.0,32.0,2.0,600749_20260410,69,7.2%,2.3,1.7,4,0.1913,1,1,1,0.20482636845203064,0.04590935844614486,0.07357268981753974
598,605006,20260410,20260413,20260416,0,18,10,0,665.6,10.12,2.4,2,0,0,13.11,0.83,1.56,0.72,7.28,5,0.62,126,81,10.04,1,0,1.0,2.08,0.0,13.0,0.0,7.0,2.0,605006_20260410,80,10.0%,6.7,2.1,3,0.0487,0,1,0,0.07021063189568698,-0.008024072216649957,0.05817452357071214
599,002240,20260414,20260415,20260420,0,15,4,1,6331.6,48.48,20.8,1,1,1,-0.85,0.41,1.17,1.1,7.14,4,1.0,150,90,10.08,0,0,0.0,4.22,1.0,4.0,0.0,76.0,3.0,002240_20260414,69,8.1%,6.2,1.3,3,0.0326,0,1,0,0.07296226808421931,-0.017510944340212557,0.038148843026891775
600,603629,20260414,20260415,20260420,1,22,7,0,6348.5,79.95,21.1,2,1,0,5.14,1.93,1.36,1.77,13.53,4,0.66,150,90,10.08,0,0,1.0,1.5,1.0,15.0,0.0,3.0,2.0,603629_20260414,65,10.0%,0.5,1.4,3,0.312,1,1,1,0.34849785407725326,0.07847946045370946,0.17535254445125686
601,001208,20260415,20260416,20260421,0,12,2,2,1185.7,21.4,4.3,4,0,0,-6.96,-0.04,0.62,0.38,0.69,3,0.48,119,81,10.31,0,0,2.0,2.23,1.0,22.0,0.0,4.0,2.0,001208_20260415,75,10.0%,9.4,1.1,3,0.026699999999999998,0,1,0,0.05359596885020622,-0.027485112230874846,0.0004580852038479874
602,603773,20260415,20260416,20260421,1,26,11,0,1663.6,49.52,5.3,2,1,0,19.92,4.04,2.95,5.68,33.38,7,0.93,119,81,10.31,0,0,1.0,2.08,0.0,13.0,0.0,7.0,2.0,603773_20260415,70,10.0%,6.0,1.4,3,0.1906,1,1,1,0.28428571428571425,-0.02040816326530612,0.07959183673469385
603,605366,20260415,20260416,20260421,0,14,6,4,1289.9,13.41,4.3,2,1,0,-1.47,1.5,0.87,1.26,12.42,5,0.79,119,81,10.31,0,0,2.0,-0.65,0.0,39.0,0.0,6.0,2.0,605366_20260415,65,10.0%,3.6,1.5,3,0.0125,0,1,0,0.049490538573507985,-0.0720524017467249,-0.02110625909752554
604,605388,20260415,20260416,20260420,1,5,0,0,223.6,7.33,0.8,4,0,0,-5.35,-0.33,0.78,0.8,-1.17,5,0.53,119,81,10.31,0,0,1.0,2.08,0.0,13.0,0.0,7.0,2.0,605388_20260415,80,10.1%,5.8,2.2,2,0.13019999999999998,1,1,1,0.21009549795361515,0.08867667121418832,0.21009549795361515
605,002421,20260416,20260417,20260422,0,14,11,0,408.9,2.9,1.5,1,0,0,5.38,0.78,0.81,0.53,1.79,4,0.57,194,117,10.17,3,0,3.0,4.68,1.0,17.0,0.0,2.0,2.0,002421_20260416,80,9.8%,9.0,1.6,3,-0.024399999999999998,0,0,0,0.03832752613240414,-0.031358885017421706,0.010452961672473799
606,600184,20260416,20260417,20260421,1,10,4,2,2401.8,21.87,8.4,1,0,11,-8.26,1.34,0.69,1.6,5.41,5,0.61,194,117,10.17,3,0,0.0,2.86,0.0,3.0,0.0,37.0,2.0,600184_20260416,74,7.8%,6.7,1.9,2,0.077,1,1,1,0.12781609195402305,0.032183908045976976,0.12367816091954029
607,001267,20260417,20260420,20260424,1,22,3,0,6006.7,44.71,22.3,2,0,7,0.03,0.4,1.02,0.74,5.01,4,0.36,179,103,10.27,2,0,1.0,2.08,0.0,13.0,0.0,7.0,2.0,001267_20260417,59,7.6%,0.3,1.4,4,0.1307,1,1,1,0.20969560315670793,-0.05952649379932357,0.007440811724915407
608,002281,20260417,20260420,20260423,0,13,6,1,17825.3,116.83,58.8,1,1,0,-1.13,2.71,0.76,0.42,24.81,5,0.7,179,103,10.27,2,0,5.0,2.86,1.0,21.0,1.0,1.0,1.0,002281_20260417,65,10.0%,1.5,1.1,3,0.0758,1,1,0,0.10647540983606565,-0.045983606557377044,-0.0017213114754097848
609,600152,20260417,20260420,20260423,0,13,5,1,3177.9,13.9,9.9,2,1,0,14.33,3.2,2.27,2.42,24.8,6,0.89,179,103,10.27,2,0,2.0,1.56,1.0,11.0,0.0,6.0,2.0,600152_20260417,85,10.0%,7.6,2.4,3,-0.18030000000000002,0,0,0,-0.021663172606568866,-0.1879804332634522,-0.0908455625436758
610,600156,20260417,20260420,20260423,0,16,7,1,305.8,9.26,1.1,2,0,0,9.73,1.47,1.32,1.96,15.75,5,1.0,179,103,10.27,2,0,1.0,2.49,0.0,8.0,0.0,16.0,1.0,600156_20260417,80,10.0%,6.5,2.2,3,0.056799999999999996,1,1,0,0.20797413793103467,-0.008620689655172422,0.054956896551724116
611,603738,20260417,20260420,20260422,1,16,7,1,3693.9,30.17,12.7,2,1,0,-1.35,1.42,0.99,1.16,11.01,5,0.73,179,103,10.27,2,0,2.0,2.27,1.0,22.0,0.0,3.0,2.0,603738_20260417,80,10.0%,5.0,2.4,2,0.14529999999999998,1,1,1,0.17399741267787824,0.0009702457956014742,0.12128072445019404
612,001400,20260420,20260421,20260424,0,22,3,2,1491.8,212.96,4.6,4,0,0,0.9,1.25,1.07,1.63,18.69,6,1.0,171,114,11.12,0,1,2.0,0.94,0.0,33.0,0.0,3.0,2.0,001400_20260420,70,10.0%,5.3,1.1,3,-0.078,0,0,0,0.03246511627906972,-0.10869767441860467,-0.018418604651162827
613,001896,20260420,20260421,20260424,0,21,6,1,8623.3,18.79,28.1,7,1,0,9.98,4.06,1.75,3.81,31.35,7,0.83,171,114,11.12,0,1,1.0,2.08,0.0,13.0,0.0,7.0,2.0,001896_20260420,85,10.0%,8.2,2.8,3,-0.1116,0,0,0,-0.017039403620873285,-0.12673056443024508,-0.06815761448349314
614,002149,20260420,20260421,20260424,0,14,2,0,10772.7,60.28,35.6,2,1,0,8.72,2.03,2.0,2.05,16.22,4,0.94,171,114,11.12,0,1,1.0,2.08,0.0,13.0,0.0,7.0,2.0,002149_20260420,65,10.0%,0.1,1.3,3,-0.0814,0,0,0,0.0656155438764134,-0.07787864309603441,0.02086319477623818
615,605028,20260420,20260421,20260424,0,14,3,3,208.9,29.85,0.8,4,0,100,-7.17,0.37,0.69,0.45,3.85,6,0.6,171,114,11.12,0,1,0.0,1.09,0.0,13.0,0.0,46.0,1.0,605028_20260420,69,7.2%,4.8,1.2,3,-0.0034999999999999996,0,0,0,0.043581886278515405,-0.03234593122233569,0.00408580183861074
616,002361,20260421,20260422,20260427,0,26,3,1,15254.4,22.69,46.1,8,1,0,6.04,2.86,1.43,1.5,31.78,7,1.0,96,70,10.85,0,1,1.0,2.08,0.0,13.0,0.0,7.0,2.0,002361_20260421,80,10.0%,4.1,2.6,3,-0.0391,0,0,0,0.059661620658949234,-0.09216384683882459,0.023597506678539517
617,002952,20260421,20260422,20260427,0,9,1,0,577.5,27.29,2.1,2,0,0,-8.96,-0.54,0.79,1.17,-2.44,3,0.19,96,70,10.85,0,1,1.0,2.08,0.0,13.0,0.0,7.0,2.0,002952_20260421,62,10.0%,2.0,1.5,3,0.0429,0,1,0,0.07357738310982244,-0.04313156940920628,-0.03479521565784708
618,600330,20260422,20260423,20260428,0,24,6,1,9119.3,25.87,27.5,2,1,0,1.79,2.75,0.95,1.32,28.99,5,0.8,157,95,10.24,0,1,1.0,1.55,1.0,11.0,0.0,19.0,3.0,600330_20260422,75,10.0%,7.8,1.4,3,-0.024300000000000002,0,0,0,0.05559673832468495,-0.06189770200148264,-0.040400296515937725
619,600815,20260422,20260423,20260428,1,17,4,1,1558.2,4.52,5.6,2,0,0,-0.54,0.94,0.76,0.31,6.86,4,0.73,157,95,10.24,0,1,1.0,1.64,0.0,8.0,0.0,20.0,3.0,600815_20260422,85,10.0%,9.7,2.5,3,-0.051399999999999994,0,0,1,-0.0348583877995643,-0.1938997821350762,-0.15468409586056645
620,600869,20260422,20260423,20260428,0,16,7,0,4611.2,17.18,16.0,3,1,0,-4.62,-0.47,0.81,1.07,-0.85,5,0.69,157,95,10.24,0,1,2.0,1.24,1.0,22.0,0.0,2.0,2.0,600869_20260422,75,10.0%,3.5,2.1,3,0.0111,0,1,0,0.04436660828955059,-0.07530647985989487,-0.05312317571511969
621,002971,20260423,20260424,20260429,0,16,13,2,392.7,33.88,1.4,1,0,0,0.26,-0.01,1.35,1.07,0.77,5,0.64,92,63,10.21,0,1,2.0,-0.54,0.0,39.0,0.0,3.0,3.0,002971_20260423,85,10.0%,10.3,2.5,3,-0.0258,0,0,0,0.05676328502415467,-0.03864734299516901,-0.002113526570048318
622,000546,20260424,20260427,20260430,0,11,1,0,1230.7,7.16,4.6,3,0,0,4.64,0.4,1.21,0.82,4.65,4,0.38,124,79,10.07,0,1,1.0,2.08,0.0,13.0,0.0,7.0,2.0,000546_20260424,75,10.0%,0.9,2.9,3,0.10890000000000001,1,1,0,0.1570605187319883,-0.005763688760806921,0.024495677233429384
623,000593,20260424,20260427,20260429,1,22,6,2,1592.8,21.03,5.4,3,1,1,0.19,1.4,0.99,0.85,13.49,5,1.0,124,79,10.07,0,1,1.0,3.51,0.0,5.0,0.0,5.0,3.0,000593_20260424,74,7.1%,5.8,1.6,2,0.2217,1,1,1,0.27889908256880724,0.08256880733944957,0.1669724770642202
624,001234,20260424,20260427,20260430,0,11,3,0,303.7,35.77,1.0,5,0,0,12.05,1.85,1.95,1.83,24.48,5,1.0,124,79,10.07,0,1,1.0,2.08,0.0,13.0,0.0,7.0,2.0,001234_20260424,80,10.0%,5.0,2.4,3,-0.1568,0,0,0,-0.0933514246947084,-0.2138398914518318,-0.15685210312075987
625,002378,20260429,20260430,20260507,0,11,2,0,5368.9,32.92,20.7,3,0,0,-3.86,-0.72,0.69,1.25,0.07,5,0.18,218,133,9.96,0,1,1.0,2.08,0.0,13.0,0.0,7.0,2.0,002378_20260429,57,10.0%,2.6,1.2,5,0.0495,0,1,0,0.09390243902439041,-0.003353658536585349,0.05518292682926837
626,002842,20260429,20260430,20260507,0,21,8,2,3611.4,34.99,13.6,2,0,0,-5.93,-0.68,0.6,1.47,1.32,4,0.32,218,133,9.96,0,1,2.0,4.96,1.0,9.0,0.0,4.0,1.0,002842_20260429,57,10.0%,1.2,1.3,5,0.0683,1,1,0,0.10106820049301575,0.03396329772665029,0.07833470282114488
627,002969,20260429,20260430,20260507,0,23,2,0,3349.8,22.72,13.5,10,0,0,-0.82,-1.13,0.96,0.8,-12.38,4,0.02,218,133,9.96,0,1,1.0,2.08,0.0,13.0,0.0,7.0,2.0,002969_20260429,62,10.0%,0.6,1.5,5,-0.0179,0,0,0,0.03896672504378286,-0.022767075306479843,0.011383537653239998
628,600367,20260429,20260430,20260507,0,14,10,2,1885.6,23.22,7.0,2,0,0,-0.99,0.51,0.77,0.93,4.72,6,0.28,218,133,9.96,0,1,2.0,2.83,0.0,15.0,0.0,3.0,1.0,600367_20260429,65,10.0%,3.5,1.2,5,0.008,0,1,0,0.0226495726495727,-0.01410256410256403,0.01752136752136753
629,603026,20260429,20260430,20260507,0,14,1,0,6596.5,119.25,21.2,3,1,0,-4.03,1.35,0.92,0.98,9.82,5,0.77,218,133,9.96,0,1,1.0,2.08,0.0,13.0,0.0,7.0,2.0,603026_20260429,70,10.0%,0.2,1.8,5,-0.0987,0,0,0,0.016000000000000014,-0.097,0.003333333333333381
630,603538,20260429,20260430,20260507,0,17,7,4,10850.8,65.3,32.9,5,1,4,-1.55,0.89,0.95,1.8,9.09,5,0.89,218,133,9.96,0,1,0.0,0.32,1.0,32.0,0.0,41.0,1.0,603538_20260429,74,8.6%,4.3,2.8,5,-0.0248,0,0,0,0.11747896491506586,-0.021273217971106578,0.08747420225432605
631,603906,20260429,20260430,20260507,0,9,3,0,5283.3,32.99,16.9,2,1,0,3.87,3.35,0.99,1.49,29.39,6,0.66,218,133,9.96,0,1,2.0,2.44,1.0,11.0,0.0,8.0,2.0,603906_20260429,65,10.0%,2.9,1.3,5,-0.0602,0,0,0,0.023283582089552272,-0.07373134328358205,0.002985074626865714
632,002342,20260507,20260508,20260513,0,20,3,2,13288.7,22.12,43.6,4,1,0,-4.57,-0.43,0.85,0.94,4.28,6,0.67,261,158,10.05,4,1,3.0,3.03,1.0,46.0,0.0,4.0,1.0,002342_20260507,70,10.0%,3.3,1.8,3,-0.0785,0,0,0,0.029837251356238704,-0.10126582278481021,0.0022603978300181154
633,600539,20260507,20260508,20260513,0,16,8,2,1230.6,20.59,4.0,2,1,0,8.23,1.47,1.74,1.55,12.99,5,0.84,261,158,10.05,4,1,1.0,7.88,0.0,3.0,0.0,29.0,1.0,600539_20260507,90,10.0%,7.3,3.2,3,-0.1257,0,0,0,-0.018759018759018788,-0.17460317460317457,-0.07503607503607498
634,600589,20260508,20260511,20260514,0,12,3,0,5367.6,12.51,18.8,4,0,0,3.39,0.35,1.61,1.34,9.22,6,0.98,202,137,10.42,4,1,1.0,2.08,0.0,13.0,0.0,7.0,2.0,600589_20260508,80,10.0%,8.6,2.0,3,0.0034000000000000002,0,1,0,0.11382734912146679,-0.05271199388846444,-0.033613445378151224
635,600783,20260508,20260511,20260514,0,16,3,2,1512.1,24.84,5.3,6,0,0,2.29,0.16,0.91,0.91,5.04,5,0.64,202,137,10.42,4,1,5.0,2.63,1.0,46.0,1.0,1.0,2.0,600783_20260508,65,10.0%,0.7,1.1,3,-0.1598,0,0,0,-0.015897634742148125,-0.15626211709965093,-0.06436603334625825
636,603618,20260508,20260511,20260514,0,30,11,0,8126.7,37.62,23.7,6,1,0,-7.34,1.45,0.5,0.73,29.72,5,1.0,202,137,10.42,4,1,1.0,2.08,0.0,13.0,0.0,7.0,2.0,603618_20260508,75,10.0%,8.6,1.3,3,-0.0392,0,0,0,0.052040816326530584,-0.048469387755102185,0.03188775510204082
637,605169,20260508,20260511,20260514,0,11,1,0,128.4,13.04,0.5,4,0,0,-1.15,-0.59,0.78,1.28,-6.0,3,0.06,202,137,10.42,4,1,1.0,2.08,0.0,13.0,0.0,7.0,2.0,605169_20260508,57,10.0%,4.7,1.2,3,0.009399999999999999,0,1,0,0.04707668944570989,-0.012908124525436594,-0.0022779043280181746
638,605598,20260508,20260511,20260514,0,21,3,2,1003.0,58.68,3.5,3,0,1,-4.74,-0.78,1.16,0.98,-2.15,4,0.8,202,137,10.42,4,1,1.0,2.62,0.0,9.0,0.0,9.0,2.0,605598_20260508,74,8.3%,7.2,1.5,3,-0.0407,0,0,0,0.03367789263087701,-0.05601867289096365,-0.03634544848282761
639,002008,20260511,20260512,20260514,1,11,6,1,17504.5,134.27,50.3,1,1,0,0.62,1.72,1.01,1.25,27.31,6,0.97,278,169,10.47,3,1,1.0,2.08,0.0,13.0,0.0,7.0,2.0,002008_20260511,65,10.0%,1.3,1.3,2,0.1085,1,1,1,0.1661698956780925,0.023472429210134173,0.10380029806259321
640,002585,20260511,20260512,20260515,0,14,10,1,1058.8,8.68,3.7,3,1,0,0.47,0.41,0.98,0.91,0.95,4,0.6,278,169,10.47,3,1,1.0,1.21,0.0,21.0,0.0,17.0,3.0,002585_20260511,75,10.0%,9.4,1.2,3,-0.0713,0,0,0,0.005555555555555635,-0.07111111111111118,-0.03888888888888885
641,002782,20260511,20260512,20260515,1,13,5,0,698.8,22.42,2.7,1,0,28,-1.09,-0.98,0.8,0.68,-4.75,4,0.54,278,169,10.47,3,1,1.0,2.08,0.0,13.0,0.0,7.0,2.0,002782_20260511,56,8.4%,5.8,1.2,3,0.12269999999999999,1,1,1,0.19353410097431362,-0.023472099202834263,0.0775022143489814
642,600078,20260511,20260512,20260515,0,18,4,0,1581.4,16.23,5.2,4,1,0,11.3,1.23,2.1,1.64,16.17,5,1.0,278,169,10.47,3,1,1.0,1.38,0.0,11.0,0.0,27.0,2.0,600078_20260511,65,10.0%,0.3,1.2,3,-0.050300000000000004,0,0,0,-0.033887861983980326,-0.11213801601971658,-0.08194701170671596
643,600234,20260511,20260512,20260515,0,16,6,0,808.3,31.47,2.3,2,1,0,-10.67,1.72,0.69,1.24,16.79,7,1.0,278,169,10.47,3,1,1.0,2.56,0.0,7.0,0.0,25.0,3.0,600234_20260511,80,10.0%,6.7,1.5,3,-0.1606,0,0,0,-0.0444444444444444,-0.18158730158730155,-0.06063492063492064
644,600259,20260511,20260512,20260515,0,10,2,0,4782.1,108.96,16.8,2,1,0,-0.45,0.16,0.97,0.61,-4.7,4,0.67,278,169,10.47,3,1,1.0,2.08,0.0,13.0,0.0,7.0,2.0,600259_20260511,70,10.0%,1.8,1.6,3,-0.114,0,0,0,0.005678695731818926,-0.11714599743542778,-0.04213225865543147
645,600488,20260511,20260512,20260515,0,16,8,3,2615.3,6.6,10.0,7,0,0,-10.04,-1.16,0.56,0.4,-7.37,5,0.29,278,169,10.47,3,1,1.0,1.33,0.0,32.0,0.0,11.0,1.0,600488_20260511,77,10.0%,7.3,4.1,3,0.0506,1,1,0,0.1909774436090225,0.03759398496240601,0.0827067669172932
646,600601,20260511,20260512,20260515,0,15,4,1,6156.3,13.33,21.5,2,0,0,0.04,0.33,1.0,0.86,2.69,5,0.82,278,169,10.47,3,1,5.0,4.43,1.0,22.0,1.0,2.0,3.0,600601_20260511,80,10.0%,8.0,1.5,3,-0.10099999999999999,0,0,0,0.05848375451263542,-0.10974729241877254,0.025270758122743656
647,603130,20260511,20260512,20260515,0,11,2,2,378.6,51.35,1.3,2,0,12,-16.99,-0.32,0.46,0.57,-1.09,5,0.41,278,169,10.47,3,1,1.0,2.52,0.0,8.0,0.0,18.0,3.0,603130_20260511,64,8.7%,5.3,1.0,3,-0.0814,0,0,0,-0.023017408123791196,-0.08704061895551257,-0.057059961315280516
648,002300,20260512,20260513,20260518,0,13,1,0,1286.9,10.67,4.8,4,0,0,-11.52,-0.85,0.69,0.44,-8.45,2,0.23,139,86,10.31,1,1,1.0,2.08,0.0,13.0,0.0,7.0,2.0,002300_20260512,65,10.0%,2.7,1.1,3,-0.0737,0,0,0,0.01914311759343656,-0.08751139471285331,-0.042844120328167784
649,002428,20260512,20260513,20260518,0,19,8,1,26821.9,101.42,76.1,2,1,0,-3.21,2.05,0.95,1.61,19.49,6,1.0,139,86,10.31,1,1,1.0,0.33,1.0,9.0,0.0,12.0,2.0,002428_20260512,75,10.0%,7.9,1.4,3,-0.0891,0,0,0,0.05170000000000002,-0.1114,-0.027999999999999973
650,600396,20260512,20260513,20260518,0,25,12,0,11363.1,15.05,29.1,8,1,0,-5.83,3.69,0.7,1.24,35.6,6,1.0,139,86,10.31,1,1,1.0,2.08,0.0,13.0,0.0,7.0,2.0,600396_20260512,90,10.0%,7.0,3.5,3,0.039,0,1,0,0.20598006644518257,-0.003986710963455182,0.10564784053156144
651,603211,20260512,20260513,20260518,0,12,8,4,952.6,30.89,3.2,1,1,0,-4.09,2.13,0.72,0.75,16.72,5,0.85,139,86,10.31,1,1,2.0,-0.22,0.0,47.0,0.0,3.0,2.0,603211_20260512,65,10.0%,2.1,1.1,3,-0.0556,0,0,0,0.03039120594891695,-0.06239896540575492,-0.010345942450695127
652,603950,20260512,20260513,20260518,0,21,6,2,2793.9,76.0,8.9,4,1,3,6.23,1.3,1.65,1.15,10.39,4,0.95,139,86,10.31,1,1,2.0,-0.22,0.0,47.0,0.0,3.0,2.0,603950_20260512,59,8.5%,1.1,1.5,3,-0.08789999999999999,0,0,0,0.013852242744063287,-0.10290237467018466,-0.03852242744063327
653,002654,20260513,20260514,20260519,1,10,6,2,2397.6,16.98,8.5,1,0,0,7.49,1.1,1.22,0.61,7.22,5,0.87,271,180,10.71,4,1,2.0,2.12,0.0,26.0,0.0,5.0,2.0,002654_20260513,75,10.0%,7.5,1.4,3,0.0216,0,1,1,0.06608187134502917,-0.04678362573099419,-0.03099415204678369
654,002902,20260513,20260514,20260519,0,10,4,1,4579.6,39.95,14.6,2,1,3,8.37,3.69,1.43,1.4,37.47,6,0.81,271,180,10.71,4,1,0.0,1.25,1.0,21.0,0.0,42.0,3.0,002902_20260513,79,7.5%,5.2,2.6,3,-0.0455,0,0,0,0.07601900475118777,-0.08477119279819956,-0.009752438109527396
655,600475,20260513,20260514,20260519,0,18,1,0,595.4,19.01,2.2,6,0,0,2.39,0.14,1.06,0.8,-1.3,4,0.35,271,180,10.71,4,1,1.0,2.08,0.0,13.0,0.0,7.0,2.0,600475_20260513,65,10.0%,3.0,1.1,3,0.0405,0,1,0,0.04554973821989515,-0.043455497382199046,-0.006806282722513222
656,600707,20260513,20260514,20260519,0,15,9,3,4289.2,10.45,13.8,2,1,0,5.06,1.16,1.46,1.54,17.79,6,0.82,271,180,10.71,4,1,2.0,2.12,0.0,26.0,0.0,5.0,2.0,600707_20260513,75,10.0%,5.8,1.6,3,-0.0197,0,0,0,0.11406844106463888,-0.06653992395437255,0.016159695817490487
657,603948,20260514,20260515,20260520,0,8,2,2,135.3,28.82,0.5,4,0,100,-3.48,-0.34,0.84,0.84,-2.41,5,0.18,116,82,10.63,1,1,3.0,1.29,0.0,39.0,1.0,1.0,2.0,603948_20260514,56,7.0%,3.0,1.4,3,-0.0552,0,0,0,-0.03295178633368017,-0.07457509538674986,-0.05098855359001037
658,002421,20260515,20260518,20260521,1,14,11,0,700.4,3.21,2.6,1,0,0,-1.2,0.77,0.81,0.43,6.64,6,0.58,132,86,10.51,1,1,1.0,0.34,0.0,17.0,0.0,6.0,1.0,002421_20260515,85,9.9%,8.6,2.8,3,0.23010000000000003,1,1,1,0.4641744548286605,0.19626168224299062,0.20872274143302177
659,002971,20260515,20260518,20260521,0,16,13,2,1121.6,41.21,3.7,2,1,0,4.5,1.06,1.48,2.09,11.43,4,1.0,132,86,10.51,1,1,5.0,1.64,1.0,39.0,1.0,1.0,2.0,002971_20260515,85,10.0%,5.5,4.5,3,-0.1572,0,0,0,-0.011219512195121972,-0.15902439024390252,-0.0604878048780487
660,603278,20260515,20260518,20260521,0,17,6,1,2085.1,16.96,6.9,6,0,0,18.44,4.19,2.06,1.25,31.49,7,0.77,132,86,10.51,1,1,1.0,1.08,0.0,46.0,0.0,10.0,2.0,603278_20260515,75,10.0%,1.2,2.8,3,-0.1809,0,0,0,0.03798219584569715,-0.1821958456973295,-0.02255192878338294
661,603333,20260515,20260518,20260520,1,4,2,0,397.0,9.65,1.4,6,0,0,2.47,1.07,1.19,0.7,10.55,6,0.72,132,86,10.51,1,1,1.0,2.08,0.0,13.0,0.0,7.0,2.0,603333_20260515,75,10.0%,3.6,2.5,2,0.023799999999999998,0,1,1,0.060606060606060566,-0.07676767676767675,0.02020202020202013
662,000571,20260518,20260519,20260522,0,11,5,2,422.4,5.84,1.6,1,0,0,11.2,-0.34,1.57,1.45,-4.04,3,0.46,201,132,11.12,2,1,1.0,8.0,0.0,2.0,0.0,14.0,1.0,000571_20260518,70,10.0%,5.8,1.1,3,-0.0137,0,0,0,0.023688663282571857,-0.0406091370558376,-0.0033840947546532082
663,002354,20260518,20260519,20260522,0,14,11,3,1838.5,7.08,6.5,1,0,0,-3.3,0.6,0.66,0.54,8.14,7,0.64,201,132,11.12,2,1,1.0,2.47,0.0,4.0,0.0,24.0,2.0,002354_20260518,70,9.9%,0.8,1.8,3,-0.0392,0,0,0,0.03994293865905853,-0.0613409415121255,-0.005706134094151218
664,002980,20260518,20260519,20260526,1,22,8,2,5126.1,105.9,15.6,3,1,0,-0.99,2.05,1.0,2.07,18.09,6,0.74,201,132,11.12,2,1,1.0,0.96,0.0,22.0,0.0,18.0,1.0,002980_20260518,65,10.0%,0.9,1.3,5,0.0992,1,1,1,0.27506205843039927,-0.08735917510024815,0.05995799121634525
665,603607,20260518,20260519,20260522,0,6,2,1,255.0,24.63,1.0,4,0,42,0.29,-0.46,0.9,1.18,-2.97,3,0.1,201,132,11.12,2,1,2.0,1.8,0.0,10.0,0.0,7.0,3.0,603607_20260518,56,7.9%,1.4,1.5,3,-0.0364,0,0,0,-0.0019809825673532946,-0.07805071315372421,-0.020206022187004676
666,603989,20260518,20260519,20260525,1,14,13,3,530.7,22.0,2.0,1,1,0,-1.19,0.3,0.84,0.82,1.72,4,0.29,201,132,11.12,2,1,4.0,2.9,1.0,22.0,1.0,1.0,1.0,603989_20260518,75,10.0%,3.6,2.2,4,0.36090000000000005,1,1,1,0.3893333333333334,0.08266666666666664,0.1426666666666667
667,000026,20260519,20260520,20260525,1,9,3,1,1167.9,22.22,4.0,3,0,0,0.16,1.37,0.85,0.42,11.17,5,0.74,225,142,10.48,1,1,1.0,3.81,0.0,3.0,0.0,7.0,0.0,000026_20260519,85,10.0%,7.0,2.2,3,0.1999,1,1,1,0.23676012461059193,-0.029817534490431605,0.03382287494437034
668,002364,20260519,20260520,20260525,0,20,5,2,9295.1,52.87,31.3,4,1,4,0.38,1.55,1.11,1.22,19.76,5,0.72,225,142,10.48,1,1,0.0,1.96,1.0,9.0,0.0,72.0,1.0,002364_20260519,69,7.5%,5.0,1.1,3,0.0596,1,1,0,0.082971082971083,-0.074088074088074,-0.07068607068607059
669,603333,20260519,20260520,20260525,0,4,2,0,526.7,10.1,1.8,6,1,0,9.34,1.17,2.01,2.94,9.21,5,0.53,225,142,10.48,1,1,1.0,2.08,0.0,13.0,0.0,7.0,2.0,603333_20260519,80,10.0%,7.0,1.7,3,-0.1097,0,0,0,0.00974658869395708,-0.1335282651072124,-0.05847953216374266
670,002980,20260520,20260521,20260526,1,22,8,2,5194.9,111.02,15.9,3,1,2,0.07,3.38,1.12,1.96,32.86,7,0.89,158,98,10.42,1,1,0.0,-0.76,0.0,22.0,0.0,43.0,2.0,002980_20260520,74,7.1%,2.6,1.7,3,0.0203,0,1,1,0.1838489495612092,-0.08766953284283309,0.03164613066217528
671,000536,20260521,20260522,20260527,0,11,4,2,483.6,4.29,1.8,1,0,0,-2.52,-0.51,0.75,1.71,-3.93,4,0.17,86,52,9.97,1,1,3.0,-0.69,1.0,26.0,1.0,1.0,3.0,000536_20260521,62,10.0%,6.9,1.3,3,0.0665,1,1,0,0.13768115942028994,0.014492753623188527,0.060386473429951695
672,001331,20260521,20260522,20260527,1,26,4,3,1047.8,61.37,3.6,14,0,8,2.59,1.87,1.03,0.61,20.39,6,0.81,86,52,9.97,1,1,0.0,-1.06,0.0,5.0,0.0,34.0,2.0,001331_20260521,74,7.9%,7.0,1.9,3,0.18530000000000002,1,1,1,0.2361158432708688,0.02879045996592841,0.0504258943781941
673,002703,20260521,20260522,20260527,0,12,2,0,2257.3,19.92,8.7,4,0,0,2.9,0.06,0.99,0.96,-1.58,4,0.17,86,52,9.97,1,1,1.0,2.08,0.0,13.0,0.0,7.0,2.0,002703_20260521,65,10.0%,1.8,1.1,3,-0.0001,0,0,0,0.09771511910549334,-0.0024307243558580804,0.06903257170636841
674,603127,20260521,20260522,20260527,0,12,4,2,4011.2,42.77,14.7,2,0,0,2.04,-0.15,0.93,1.37,-0.87,4,0.45,86,52,9.97,1,1,1.0,2.08,0.0,13.0,0.0,7.0,2.0,603127_20260521,70,10.0%,0.7,1.9,3,-0.1361,0,0,0,0.01224393689663299,-0.19001648222274548,-0.03602542971509303
675,002432,20260522,20260525,20260528,0,16,8,3,6547.6,79.87,25.3,2,0,0,-0.09,-0.57,0.97,0.75,-4.22,5,0.22,337,207,10.34,6,1,1.0,2.08,0.0,13.0,0.0,7.0,2.0,002432_20260522,62,10.0%,0.7,1.6,3,-0.0567,0,0,0,0.15086633663366333,-0.05829207920792072,0.13341584158415842
676,002980,20260522,20260525,20260528,0,22,8,2,5244.8,116.38,15.9,3,1,0,1.92,3.45,1.15,1.37,24.38,6,0.75,337,207,10.34,6,1,1.0,2.08,0.0,22.0,0.0,19.0,1.0,002980_20260522,70,10.0%,4.4,1.5,3,-0.0664,0,0,0,0.10162501031097919,-0.12430916439825132,-0.047265528334570685
677,603001,20260522,20260525,20260528,0,13,5,2,308.6,9.69,1.2,2,0,0,-6.28,-0.74,0.88,0.87,-10.21,3,0.11,337,207,10.34,6,1,1.0,2.46,0.0,7.0,0.0,25.0,1.0,603001_20260522,62,10.0%,2.9,1.8,3,0.0339,0,1,0,0.18484848484848485,0.023232323232323274,0.08989898989898977
678,002051,20260525,20260526,20260529,0,12,7,1,1841.8,11.72,6.9,2,0,0,-1.76,-0.72,1.21,0.79,-9.13,2,0.21,301,185,11.2,3,1,1.0,1.35,0.0,9.0,0.0,12.0,1.0,002051_20260525,70,10.1%,1.2,1.6,3,-0.048600000000000004,0,0,0,0.006071118820468368,-0.1344319167389418,-0.03816131830008669
679,002552,20260525,20260526,20260529,1,17,15,2,2892.1,43.8,8.6,4,1,0,-7.32,2.32,0.91,0.86,29.18,5,0.98,301,185,11.2,3,1,2.0,3.42,1.0,22.0,0.0,8.0,2.0,002552_20260525,75,10.0%,1.8,2.6,3,0.2899,1,1,1,0.3375924680564896,0.03115893297466937,0.1327056713741314
680,601929,20260525,20260526,20260529,0,17,1,0,1200.5,3.1,4.7,5,0,4,15.45,0.15,2.04,2.62,-3.69,4,0.09,301,185,11.2,3,1,1.0,2.08,0.0,13.0,0.0,7.0,2.0,601929_20260525,59,7.3%,0.7,1.1,3,-0.056799999999999996,0,0,0,0.009999999999999934,-0.06000000000000005,-0.013333333333333345
681,605580,20260525,20260526,20260529,1,11,6,1,327.5,24.31,1.2,2,0,0,-7.94,-0.58,0.67,0.96,2.57,4,0.58,301,185,11.2,3,1,1.0,3.19,1.0,13.0,0.0,16.0,1.0,605580_20260525,62,10.0%,3.8,2.0,3,0.2248,1,1,1,0.2570965125709651,-0.002027575020275779,0.03892944038929444
682,002896,20260526,20260527,20260601,0,11,5,1,2587.8,89.68,9.1,2,0,0,-5.23,0.16,0.95,0.91,1.68,5,0.77,116,74,10.19,0,1,2.0,-1.31,1.0,46.0,0.0,3.0,2.0,002896_20260526,75,10.0%,3.1,2.8,3,-0.1499,0,0,0,-0.007010688426617623,-0.15412021606711884,-0.054821284909780596
683,000759,20260527,20260528,20260602,0,11,8,3,446.9,6.07,1.6,2,0,0,-0.76,-0.42,0.97,1.09,3.36,5,0.79,106,61,9.66,1,1,1.0,1.4,0.0,8.0,0.0,6.0,3.0,000759_20260527,85,10.0%,7.7,2.2,3,-0.0268,0,0,0,0.055000000000000014,-0.06666666666666672,0.018333333333333385
684,603773,20260528,20260529,20260602,1,26,11,0,7836.5,109.99,22.5,2,1,0,6.48,2.81,1.14,0.91,20.93,6,0.98,256,169,10.43,2,1,1.0,2.08,0.0,13.0,0.0,7.0,2.0,603773_20260528,80,10.0%,7.9,1.6,2,0.0858,1,1,1,0.10214285714285712,-0.02473214285714282,0.02223214285714281
685,002824,20260529,20260601,20260604,0,10,5,0,1088.9,26.47,4.3,2,0,0,3.64,-1.4,1.27,1.9,-6.32,4,0.41,99,65,10.28,0,1,1.0,2.08,0.0,13.0,0.0,7.0,2.0,002824_20260529,62,10.0%,1.5,1.5,3,0.0064,0,1,0,0.009933774834437071,-0.09970566593083152,-0.08388520971302432
686,600726,20260529,20260601,20260604,0,19,11,0,8018.9,10.13,23.9,5,1,0,-9.0,2.39,0.81,1.43,21.64,6,1.0,99,65,10.28,0,1,1.0,2.08,0.0,13.0,0.0,7.0,2.0,600726_20260529,70,10.0%,3.8,1.1,3,-0.0025,0,0,0,0.028901734104046138,-0.15221579961464354,-0.10982658959537576
687,000037,20260601,20260602,20260605,0,9,4,1,1113.3,12.65,3.9,2,0,0,3.38,0.42,1.55,1.29,8.45,6,1.0,250,165,11.08,1,0,1.0,2.08,0.0,13.0,0.0,7.0,2.0,000037_20260601,90,10.0%,8.7,4.2,3,-0.1379,0,0,0,-0.027667984189723292,-0.14229249011857711,-0.06086956521739127
688,000539,20260601,20260602,20260605,0,9,4,0,4120.4,9.77,12.7,4,1,0,1.24,2.53,1.42,1.91,25.93,6,1.0,250,165,11.08,1,0,1.0,2.08,0.0,13.0,0.0,7.0,2.0,000539_20260601,85,10.0%,5.5,5.9,3,-0.1512,0,0,0,0.014462809917355431,-0.1477272727272727,-0.02892561983471068
689,002951,20260601,20260602,20260605,1,23,8,2,592.6,19.4,2.1,6,0,0,11.54,0.3,1.97,1.68,4.1,4,0.64,250,165,11.08,1,0,1.0,0.51,1.0,9.0,0.0,25.0,1.0,002951_20260601,75,10.0%,3.5,3.0,3,0.15789999999999998,1,1,1,0.29047371160853713,0.10463300364393534,0.17334721499219147
690,600798,20260601,20260602,20260605,0,3,1,0,287.8,3.81,1.1,2,0,0,-2.04,-0.98,0.88,1.52,-8.09,2,0.07,250,165,11.08,1,0,1.0,2.08,0.0,13.0,0.0,7.0,2.0,600798_20260601,57,10.1%,2.9,1.3,3,-0.0168,0,0,0,0.023999999999999962,-0.06400000000000006,-0.04266666666666671
691,603687,20260602,20260603,20260608,0,15,5,1,1985.0,17.89,7.4,4,0,0,-4.13,-0.66,0.87,0.59,1.85,3,0.42,185,119,10.71,4,1,1.0,-0.9,0.0,10.0,0.0,17.0,2.0,603687_20260602,72,10.0%,6.8,2.1,3,0.0183,0,1,0,0.09579831932773093,-0.0005602240896359419,0.03641456582633045
692,000657,20260603,20260604,20260609,0,16,5,0,16696.8,71.71,58.4,2,1,8,0.34,1.78,0.89,0.6,20.06,6,0.76,187,111,10.4,2,1,1.0,3.98,1.0,9.0,0.0,13.0,1.0,000657_20260603,59,7.8%,0.9,1.1,3,0.0008,0,1,0,0.054042553191489394,-0.08411347517730507,-0.005673758865248308
693,002735,20260603,20260604,20260609,0,9,3,0,853.3,16.18,3.1,2,0,0,9.81,1.22,1.06,0.86,7.96,5,0.66,187,111,10.4,2,1,1.0,2.08,0.0,13.0,0.0,7.0,2.0,002735_20260603,75,10.0%,6.9,1.5,3,0.09789999999999999,1,1,0,0.1979230299328038,0.017104459376908833,0.10140500916310324
694,605162,20260603,20260604,20260609,0,10,2,0,559.2,11.55,2.1,4,0,0,9.44,-0.71,1.25,2.1,-2.89,5,0.44,187,111,10.4,2,1,1.0,2.08,0.0,13.0,0.0,7.0,2.0,605162_20260603,72,10.0%,11.2,1.6,3,-0.1056,0,0,0,0.14893617021276595,-0.1191489361702128,0.04680851063829793
695,000700,20260604,20260605,20260610,0,15,5,1,4612.4,17.8,15.5,2,1,1,-5.76,-0.04,0.88,1.17,11.03,4,1.0,182,126,10.7,4,0,3.0,0.22,1.0,47.0,0.0,4.0,2.0,000700_20260604,74,7.4%,3.2,2.5,3,-0.1704,0,0,0,-0.06513409961685832,-0.18664477285166942,-0.09633278598795829
696,002051,20260604,20260605,20260610,1,12,7,1,2027.9,12.02,7.5,2,0,0,1.61,-0.11,0.82,1.07,2.88,4,0.52,182,126,10.7,4,0,1.0,2.71,0.0,9.0,0.0,10.0,1.0,002051_20260604,75,10.0%,3.0,2.0,3,-0.0076,0,0,1,0.01986754966887419,-0.0985099337748344,-0.07947019867549676
697,002645,20260604,20260605,20260610,0,21,7,0,3953.6,36.1,13.2,4,1,0,2.23,0.42,1.17,0.98,15.74,6,0.88,182,126,10.7,4,0,1.0,2.08,0.0,13.0,0.0,7.0,2.0,002645_20260604,70,10.0%,1.3,1.9,3,0.032799999999999996,0,1,0,0.1268388362209872,-0.020921869892121626,0.027459954233409606
698,002824,20260604,20260605,20260610,0,10,5,0,1221.2,27.45,4.6,2,0,4,7.7,0.4,1.61,1.17,3.3,4,0.55,182,126,10.7,4,0,1.0,2.08,0.0,13.0,0.0,7.0,2.0,002824_20260604,74,9.3%,8.7,1.6,3,-0.0664,0,0,0,0.0046428571428571075,-0.10464285714285713,-0.08714285714285719
699,002981,20260604,20260605,20260610,0,8,3,2,379.3,28.95,1.4,1,0,0,15.63,0.56,2.49,2.54,3.45,4,0.47,182,126,10.7,4,0,1.0,-0.6,0.0,15.0,0.0,9.0,1.0,002981_20260604,80,10.0%,3.4,4.1,3,-0.0834,0,0,0,0.03611111111111108,-0.10069444444444452,-0.023958333333333377
700,605358,20260604,20260605,20260610,1,13,5,1,10475.2,63.9,35.7,3,1,0,2.72,1.02,1.01,1.28,13.55,6,0.72,182,126,10.7,4,0,4.0,2.55,1.0,41.0,1.0,2.0,2.0,605358_20260604,80,10.0%,5.2,2.5,3,0.1292,1,1,1,0.16643550624133144,-0.029280320542456443,-0.0029280320542456116
701,603065,20260605,20260608,20260611,1,10,10,4,188.5,9.55,0.7,1,0,0,26.01,0.41,4.45,2.74,7.42,5,0.72,184,116,10.59,3,0,2.0,1.46,1.0,39.0,0.0,6.0,1.0,603065_20260605,80,10.0%,3.5,4.5,3,0.3156,1,1,1,0.3191035218783352,0.1099252934898614,0.1099252934898614
702,001269,20260609,20260610,20260615,0,7,4,1,617.4,28.41,2.2,1,0,0,8.65,1.65,1.1,0.8,7.28,5,0.55,390,230,10.58,7,0,2.0,4.03,1.0,8.0,0.0,14.0,2.0,001269_20260609,90,10.0%,7.7,3.1,3,-0.0461,0,0,0,0.02688547486033518,-0.07122905027932958,-0.011173184357541908
703,002051,20260609,20260610,20260617,1,12,7,1,2013.9,12.23,7.3,2,0,0,0.76,0.54,1.21,1.08,-1.58,4,0.46,390,230,10.58,7,0,3.0,4.58,0.0,9.0,0.0,5.0,1.0,002051_20260609,70,10.0%,5.3,1.3,5,0.0177,0,1,1,0.1437908496732026,-0.13970588235294124,-0.0441176470588236
704,002254,20260609,20260610,20260612,1,13,10,2,3226.4,18.79,10.3,3,1,0,5.27,1.0,1.76,1.76,13.75,6,1.0,390,230,10.58,7,0,1.0,3.01,1.0,3.0,0.0,32.0,2.0,002254_20260609,80,10.0%,1.4,4.7,2,-0.0331,0,0,1,0.01665771090811404,-0.0849005910800644,0.01665771090811404
705,603124,20260609,20260610,20260616,1,14,4,0,1449.5,166.32,4.9,1,1,0,6.15,1.95,1.26,2.43,10.72,6,0.56,390,230,10.58,7,0,1.0,2.08,0.0,13.0,0.0,7.0,2.0,603124_20260609,85,10.0%,8.4,2.1,4,0.2386,1,1,1,0.24854285538990115,0.016504080004908262,0.09699981593962821
706,002119,20260610,20260611,20260616,0,11,5,2,3483.9,28.36,12.0,2,1,0,-3.96,0.28,0.87,0.79,1.6,5,0.82,149,98,10.35,2,0,5.0,-0.33,1.0,41.0,0.0,2.0,1.0,002119_20260610,65,10.0%,1.2,1.2,3,0.1434,1,1,0,0.18344827586206897,0.034482758620689655,0.10206896551724141
707,600881,20260610,20260611,20260616,0,8,6,3,288.2,1.77,1.0,1,0,0,17.97,1.26,3.38,2.25,10.39,6,0.53,149,98,10.35,2,0,1.0,1.37,0.0,6.0,0.0,12.0,2.0,600881_20260610,80,9.9%,6.3,2.1,3,-0.0702,0,0,0,0.0277777777777778,-0.09999999999999996,-0.01666666666666668
708,605318,20260610,20260611,20260616,0,15,4,1,835.0,116.56,2.8,2,1,0,2.45,0.75,1.86,1.0,8.94,3,1.0,149,98,10.35,2,0,1.0,0.24,0.0,4.0,0.0,19.0,2.0,605318_20260610,65,10.0%,3.7,1.0,3,0.1173,1,1,0,0.21949152542372885,0.038135593220338986,0.10177966101694907
709,002490,20260611,20260612,20260617,0,21,6,3,884.5,8.56,3.4,7,0,0,9.23,-0.23,1.43,1.0,-1.11,4,0.35,164,103,10.77,3,0,1.0,-0.85,0.0,33.0,0.0,17.0,1.0,002490_20260611,70,10.0%,7.1,1.3,3,-0.0795,0,0,0,0.05479452054794537,-0.07721046077210451,0.023661270236612863
710,600353,20260611,20260612,20260623,1,15,10,1,5408.2,29.94,17.4,2,1,0,-0.62,1.96,1.01,1.3,14.46,6,0.94,164,103,10.77,3,0,1.0,0.69,1.0,9.0,0.0,18.0,1.0,600353_20260611,80,10.0%,5.4,2.2,7,0.5707,1,1,1,0.6129032258064516,-0.03225806451612903,0.018064516129032218
711,600500,20260612,20260615,20260617,1,10,9,1,2712.4,7.93,8.7,4,1,0,-11.58,1.94,0.33,1.81,31.69,5,1.0,227,135,10.11,3,0,5.0,0.1,1.0,39.0,1.0,1.0,3.0,600500_20260612,85,10.0%,4.6,9.5,2,0.1685,1,1,1,0.25477707006369427,0.11337579617834402,0.15414012738853514
712,600869,20260612,20260615,20260618,0,16,7,0,10650.7,32.43,33.6,3,0,0,2.62,2.98,1.08,1.36,22.07,5,0.64,227,135,10.11,3,0,2.0,1.5,1.0,22.0,0.0,5.0,1.0,600869_20260612,80,9.9%,3.4,2.2,3,0.0545,1,1,0,0.12234385061171928,0.017063747585318777,0.09465550547327757
713,000506,20260615,20260616,20260623,0,18,6,3,1409.4,15.1,5.3,4,0,0,-0.33,-1.19,1.18,1.08,-1.74,4,0.58,568,308,10.28,13,1,1.0,5.98,1.0,7.0,0.0,22.0,2.0,000506_20260615,62,10.0%,5.6,1.1,5,-0.1074,0,0,0,0.0344142951687625,-0.1039046988749173,0.023163467902051715
714,002051,20260615,20260616,20260623,0,12,7,1,2138.8,11.62,8.3,2,0,0,4.88,0.36,1.3,1.07,-3.02,3,0.02,568,308,10.28,13,1,4.0,4.37,1.0,9.0,0.0,4.0,2.0,002051_20260615,65,10.0%,0.7,1.6,5,0.0394,0,1,0,0.17845117845117836,0.0025252525252524713,0.05218855218855212
715,600798,20260615,20260616,20260623,0,3,1,0,348.7,3.6,1.4,2,0,10,-12.83,-1.4,0.36,1.08,-12.45,2,0.11,568,308,10.28,13,1,1.0,2.08,0.0,13.0,0.0,7.0,2.0,600798_20260615,51,7.5%,1.5,1.4,5,-0.0034999999999999996,0,0,0,0.03977272727272731,-0.025568181818181778,0.0028409090909090303
716,000510,20260616,20260617,20260623,0,21,8,0,3649.9,22.95,11.4,3,1,1,-10.37,0.04,0.67,1.66,10.54,5,1.0,305,191,10.32,5,1,1.0,2.18,1.0,15.0,0.0,21.0,2.0,000510_20260616,74,7.7%,6.4,1.7,4,0.057699999999999994,1,1,0,0.14090708938793478,-0.055041831792162044,-0.02686041391457505
717,600498,20260616,20260617,20260623,0,11,2,0,22825.6,74.0,71.0,3,1,27,7.19,3.03,1.54,1.18,33.14,7,0.97,305,191,10.32,5,1,1.0,2.08,0.0,13.0,0.0,7.0,2.0,600498_20260616,59,9.1%,0.3,1.3,4,0.1301,1,1,0,0.19972602739726025,0.015616438356164391,0.03164383561643839
718,603002,20260616,20260617,20260623,0,12,7,0,4950.8,21.09,16.2,2,1,0,-0.75,0.54,0.93,0.96,6.5,4,1.0,305,191,10.32,5,1,2.0,4.25,1.0,11.0,0.0,16.0,2.0,603002_20260616,75,10.0%,6.8,1.4,4,0.0825,1,1,0,0.23023255813953486,0.05441860465116287,0.09674418604651155
719,605006,20260616,20260617,20260623,0,18,10,0,4449.6,23.98,13.7,3,1,0,3.28,3.05,1.36,1.23,27.73,6,0.84,305,191,10.32,5,1,1.0,2.08,0.0,13.0,0.0,7.0,2.0,605006_20260616,75,10.0%,3.7,1.6,4,-0.14980000000000002,0,0,0,-0.025203252032520364,-0.16504065040650415,-0.04878048780487816
720,600397,20260617,20260618,20260624,1,16,7,2,2499.3,18.36,8.0,2,0,0,8.98,1.68,1.76,2.45,17.83,5,1.0,240,156,10.88,5,1,2.0,-0.05,1.0,33.0,0.0,6.0,2.0,600397_20260617,75,10.0%,3.5,2.6,4,0.3859,1,1,1,0.46350762527233125,0.19716775599128547,0.21023965141612197
721,600707,20260617,20260618,20260624,1,15,9,3,7666.1,12.66,27.2,2,1,0,-2.67,-0.4,0.77,0.89,12.02,6,0.6,240,156,10.88,5,1,3.0,4.01,1.0,26.0,0.0,4.0,2.0,600707_20260617,67,10.0%,1.4,2.2,4,0.0929,1,1,1,0.1458670988654782,-0.011345218800648345,0.004862236628849311
